rank,name,revenues,revenue_percent_change,profits,profits_percent_change,assets,market_value,change_in_rank,employees
1,Walmart,"$572,754 ",2.40%,"$13,673 ",1.20%,"$244,860 ","$409,795 ",-,"2,300,000"
2,Amazon,"$469,822 ",21.70%,"$33,364 ",56.40%,"$420,549 ","$1,658,807.30 ",-,"1,608,000"
3,Apple,"$365,817 ",33.30%,"$94,680 ",64.90%,"$351,002 ","$2,849,537.60 ",-,"154,000"
4,CVS Health,"$292,111 ",8.70%,"$7,910 ",10.20%,"$232,999 ","$132,839.20 ",-,"258,000"
5,UnitedHealth Group,"$287,597 ",11.80%,"$17,285 ",12.20%,"$212,206 ","$479,830.30 ",-,"350,000"
6,Exxon Mobil,"$285,640 ",57.40%,"$23,040 ",-,"$338,923 ","$349,652.40 ",4,"63,000"
7,Berkshire Hathaway,"$276,094 ",12.50%,"$89,795 ",111.20%,"$958,784 ","$779,542.30 ",-1,"372,000"
8,Alphabet,"$257,637 ",41.20%,"$76,033 ",88.80%,"$359,268 ","$1,842,326.10 ",1,"156,500"
9,McKesson,"$238,228 ",3.10%,"($4,539)",-604.30%,"$65,015 ","$45,857.80 ",-2,"67,500"
10,AmerisourceBergen,"$213,988.80 ",12.70%,"$1,539.90 ",-,"$57,337.80 ","$32,355.70 ",-2,"40,000"
11,Costco Wholesale,"$195,929 ",17.50%,"$5,007 ",25.10%,"$59,268 ","$255,230.70 ",1,"288,000"
12,Cigna,"$174,078 ",8.50%,"$5,365 ",-36.60%,"$154,889 ","$76,286.30 ",1,"72,963"
13,AT&T,"$168,864 ",-1.70%,"$20,081 ",-,"$551,622 ","$169,262.40 ",-2,"202,600"
14,Microsoft,"$168,088 ",17.50%,"$61,271 ",38.40%,"$333,779 ","$2,311,358.90 ",1,"181,000"
15,Cardinal Health,"$162,467 ",6.20%,$611 ,-,"$44,453 ","$15,709.40 ",-1,"46,827"
16,Chevron,"$162,465 ",71.60%,"$15,625 ",-,"$239,535 ","$317,120.10 ",11,"42,595"
17,Home Depot,"$151,157 ",14.40%,"$16,433 ",27.70%,"$71,876 ","$309,312.60 ",1,"490,600"
18,Walgreens Boots Alliance,"$148,579 ",6.50%,"$2,542 ",457.50%,"$81,285 ","$38,671.10 ",-2,"258,500"
19,Marathon Petroleum,"$141,032 ",58.50%,"$9,738 ",-,"$85,373 ","$47,758.10 ",13,"17,700"
20,Elevance Health,"$138,639 ",13.80%,"$6,104 ",33.50%,"$97,460 ","$118,533.50 ",3,"98,200"
21,Kroger,"$137,888 ",4.10%,"$1,655 ",-36%,"$49,086 ","$41,496.20 ",-4,"420,000"
22,Ford Motor,"$136,341 ",7.20%,"$17,937 ",-,"$257,035 ","$67,958.20 ",-1,"183,000"
23,Verizon Communications,"$133,613 ",4.10%,"$22,065 ",24%,"$366,596 ","$213,837.10 ",-3,"118,400"
24,JPMorgan Chase,"$127,202 ",-1.80%,"$48,334 ",65.90%,"$3,743,567 ","$402,526.90 ",-5,"271,025"
25,General Motors,"$127,004 ",3.70%,"$10,019 ",55.90%,"$244,718 ","$63,555.20 ",-3,"157,000"
26,Centene,"$125,982 ",13.40%,"$1,347 ",-25.50%,"$78,375 ","$49,072.20 ",-2,"72,500"
27,Meta Platforms,"$117,929 ",37.20%,"$39,370 ",35.10%,"$165,987 ","$605,251 ",7,"71,970"
28,Comcast,"$116,385 ",12.40%,"$14,159 ",34.40%,"$275,905 ","$212,245.80 ",-2,"189,000"
29,Phillips 66,"$114,852 ",75.40%,"$1,317 ",-,"$55,594 ","$41,561 ",19,"14,000"
30,Valero Energy,"$108,332 ",80.20%,$930 ,-,"$57,888 ","$41,572.20 ",23,"9,804"
31,Dell Technologies,"$106,995 ",13.60%,"$5,563 ",71.20%,"$92,735 ","$38,164.40 ",-3,"133,000"
32,Target,"$106,005 ",13.30%,"$6,946 ",59%,"$53,811 ","$98,134.40 ",-2,"450,000"
33,Fannie Mae,"$101,543 ",-4.60%,"$22,176 ",87.90%,"$4,229,166 ",$909.10 ,-8,"7,400"
34,UPS,"$97,287 ",15%,"$12,890 ",859.80%,"$69,405 ","$186,816.60 ",1,"400,945"
35,Lowe's,"$96,250 ",7.40%,"$8,442 ",44.70%,"$44,640 ","$133,761.10 ",-4,"270,000"
36,Bank of America,"$93,851 ",0.10%,"$31,978 ",78.70%,"$3,169,495 ","$332,433.30 ",-7,"208,248"
37,Johnson & Johnson,"$93,775 ",13.60%,"$20,878 ",41.90%,"$182,018 ","$466,046.70 ",-1,"141,700"
38,Archer Daniels Midland,"$85,249 ",32.50%,"$2,709 ",52.90%,"$56,136 ","$50,769.20 ",13,"39,979"
39,FedEx,"$83,959 ",21.30%,"$5,231 ",306.80%,"$82,777 ","$59,971.30 ",6,"484,000"
40,Humana,"$83,064 ",7.70%,"$2,933 ",-12.90%,"$44,358 ","$55,154.90 ",1,"95,500"
41,Wells Fargo,"$82,407 ",2.60%,"$21,548 ",552.80%,"$1,948,068 ","$184,225 ",-4,"247,848"
42,State Farm Insurance,"$82,224.70 ",4.20%,"$1,280.90 ",-65.70%,"$325,349.30 ",-,-3,"53,586"
43,Pfizer,"$81,288 ",94%,"$21,979 ",128.60%,"$181,476 ","$292,385.30 ",34,"79,000"
44,Citigroup,"$79,865 ",-10.10%,"$21,952 ",98.70%,"$2,291,413 ","$105,330.10 ",-11,"221,768"
45,PepsiCo,"$79,474 ",12.90%,"$7,618 ",7%,"$92,377 ","$231,528.20 ",-1,"309,000"
46,Intel,"$79,024 ",1.50%,"$19,868 ",-4.90%,"$168,406 ","$202,635.80 ",-6,"121,100"
47,Procter & Gamble,"$76,118 ",7.30%,"$14,306 ",9.80%,"$119,307 ","$366,271.60 ",-4,"101,000"
48,General Electric,"$74,196 ",-6.80%,"($6,520)",-214.30%,"$198,874 ","$100,810.20 ",-10,"168,000"
49,IBM,"$72,344 ",-1.70%,"$5,743 ",2.70%,"$132,001 ","$116,928.30 ",-7,"297,800"
50,MetLife,"$71,080 ",4.80%,"$6,554 ",21.20%,"$759,708 ","$57,986.50 ",-4,"43,000"
51,Prudential Financial,"$70,934 ",24.40%,"$7,724 ",-,"$937,582 ","$44,482.20 ",4,"40,916"
52,Albertsons,"$69,690.40 ",11.60%,$850.20 ,82.30%,"$26,598 ","$16,063.70 ",-,"300,000"
53,Walt Disney,"$67,418 ",3.10%,"$1,995 ",-,"$203,609 ","$249,718.10 ",-3,"171,000"
54,Energy Transfer,"$67,417 ",73.10%,"$5,470 ",-,"$105,963 ","$34,496.90 ",27,"12,558"
55,Lockheed Martin,"$67,044 ",2.50%,"$6,315 ",-7.60%,"$50,873 ","$117,648.20 ",-6,"114,000"
56,Freddie Mac,"$65,898 ",-0.50%,"$12,109 ",65.30%,"$3,025,586 ",$510.30 ,-9,"7,301"
57,Goldman Sachs Group,"$64,989 ",21.50%,"$21,635 ",128.70%,"$1,463,988 ","$117,667.60 ",2,"43,900"
58,Raytheon Technologies,"$64,388 ",13.80%,"$3,864 ",-,"$161,404 ","$147,640.90 ",-1,"174,000"
59,HP,"$63,487 ",12.10%,"$6,503 ",128.70%,"$38,610 ","$38,237.20 ",-3,"51,000"
60,Boeing,"$62,286 ",7.10%,"($4,202)",-,"$138,552 ","$113,058.70 ",-6,"142,000"
61,Morgan Stanley,"$61,121 ",17.40%,"$15,034 ",36.70%,"$1,188,140 ","$155,685.60 ",-,"74,814"
62,HCA Healthcare,"$58,752 ",14%,"$6,956 ",85.30%,"$50,742 ","$75,691.90 ",-,"244,000"
63,AbbVie,"$56,197 ",22.70%,"$11,542 ",150%,"$146,529 ","$286,332.40 ",5,"50,000"
64,Dow,"$54,968 ",42.60%,"$6,311 ",415.20%,"$62,990 ","$46,839.70 ",18,"35,700"
65,Tesla,"$53,823 ",70.70%,"$5,519 ",665.50%,"$62,131 ","$1,113,707.80 ",35,"99,290"
66,Allstate,"$53,228 ",18.80%,"$1,599 ",-71.30%,"$99,440 ","$38,553.70 ",4,"54,500"
67,AIG,"$52,057 ",19%,"$9,388 ",-,"$596,112 ","$50,608.20 ",5,"36,600"
68,Best Buy,"$51,761 ",9.50%,"$2,454 ",36.50%,"$17,504 ","$20,473.20 ",-2,"81,375"
69,Charter Communications,"$51,682 ",7.50%,"$4,654 ",44.40%,"$142,491 ","$112,803.40 ",-5,"93,700"
70,Sysco,"$51,297.80 ",-3%,$524.20 ,143.30%,"$21,413.50 ","$41,433.10 ",-10,"57,710"
71,Merck,"$51,216 ",6.70%,"$13,049 ",84.60%,"$105,694 ","$207,400.50 ",-6,"67,500"
72,New York Life Insurance,"$51,198.50 ",9.60%,$277.10 ,-,"$379,984.60 ",-,-5,"14,344"
73,Caterpillar,"$50,971 ",22.10%,"$6,489 ",116.40%,"$82,793 ","$119,406.60 ",5,"107,700"
74,Cisco Systems,"$49,818 ",1%,"$10,591 ",-5.60%,"$97,497 ","$231,636.40 ",-11,"79,500"
75,TJX,"$48,550 ",51.10%,"$3,282.80 ",3528.60%,"$28,461.50 ","$71,195.30 ",22,"340,000"
76,Publix Super Markets,"$48,393.90 ",7.10%,"$4,412.20 ",11.10%,"$31,524.30 ",-,-7,"232,000"
77,ConocoPhillips,"$48,349 ",151.10%,"$8,079 ",-,"$90,661 ","$129,605.10 ",79,"9,900"
78,Liberty Mutual Insurance Group,"$48,200 ",10.10%,"$3,068 ",304.70%,"$156,043 ",-,-7,"45,000"
79,Progressive,"$47,702 ",11.80%,"$3,350.90 ",-41.30%,"$71,132.30 ","$66,670.30 ",-5,"49,077"
80,Nationwide,"$47,376 ",13%,"$1,617.20 ",-,"$278,412.20 ",-,-4,"24,134"
81,Tyson Foods,"$47,049 ",8.90%,"$3,047 ",47.80%,"$36,309 ","$32,487.80 ",-8,"137,000"
82,Bristol-Myers Squibb,"$46,385 ",9.10%,"$6,994 ",-,"$109,314 ","$155,203.50 ",-7,"32,200"
83,Nike,"$44,538 ",19.10%,"$5,727 ",125.60%,"$37,740 ","$212,779.10 ",2,"73,300"
84,Deere,"$44,024 ",23.90%,"$5,963 ",116.80%,"$84,114 ","$127,456.60 ",4,"75,550"
85,American Express,"$43,663 ",14.30%,"$8,060 ",157.10%,"$188,548 ","$141,613 ",-2,"64,000"
86,Abbott Laboratories,"$43,075 ",24.50%,"$7,071 ",57.30%,"$75,196 ","$208,725.80 ",3,"113,000"
87,StoneX Group,"$42,534.20 ",-21.40%,$116.30 ,-31.40%,"$18,839.60 ","$1,494.40 ",-29,"3,242"
88,Plains GP Holdings,"$42,078 ",80.70%,$60 ,-,"$29,978 ","$2,242.90 ",39,"4,100"
89,Enterprise Products Partners,"$40,806.90 ",50%,"$4,637.70 ",22.80%,"$67,525.60 ","$56,172.40 ",16,"6,911"
90,TIAA,"$40,526.40 ",-2.60%,"$4,060.70 ",627.60%,"$698,190.80 ",-,-11,"15,065"
91,Oracle,"$40,479 ",3.60%,"$13,746 ",35.60%,"$131,107 ","$220,736.60 ",-11,"132,000"
92,Thermo Fisher Scientific,"$39,211 ",21.70%,"$7,725 ",21.20%,"$95,123 ","$231,057.40 ",3,"129,000"
93,Coca-Cola,"$38,655 ",17.10%,"$9,771 ",26.10%,"$94,354 ","$268,769.70 ",-,"79,000"
94,General Dynamics,"$38,469 ",1.40%,"$3,257 ",2.80%,"$50,073 ","$67,081 ",-10,"103,100"
95,CHS,"$38,448 ",35.40%,$554 ,31.10%,"$17,576.30 ",-,8,"9,941"
96,USAA,"$37,469.60 ",3.20%,"$3,300 ",-15.50%,"$210,676.50 ",-,-9,"37,335"
97,Northwestern Mutual,"$36,751.20 ",8.80%,$977.80 ,130.10%,"$334,653.80 ",-,-7,"7,585"
98,Nucor,"$36,483.90 ",81.20%,"$6,827.50 ",846.30%,"$25,823.10 ","$39,954 ",51,"28,800"
99,Exelon,"$36,347 ",10%,"$1,706 ",-13.10%,"$133,013 ","$46,683.90 ",-7,"31,518"
100,Massachusetts Mutual Life Insurance,"$35,899.50 ",51.70%,$319.30 ,-,"$383,292.40 ",-,23,"10,052"
101,Northrop Grumman,"$35,667 ",-3.10%,"$7,005 ",119.70%,"$42,579 ","$69,811.90 ",-15,"88,000"
102,3M,"$35,355 ",9.90%,"$5,921 ",10%,"$47,072 ","$84,738.30 ",-6,"95,000"
103,Travelers,"$34,816 ",8.90%,"$3,662 ",35.80%,"$120,466 ","$44,129.40 ",-5,"30,492"
104,Arrow Electronics,"$34,477 ",20.20%,"$1,108.20 ",89.60%,"$19,535.50 ","$7,951.30 ",-2,"20,700"
105,Honeywell International,"$34,392 ",5.40%,"$5,542 ",16%,"$64,470 ","$133,381 ",-11,"99,000"
106,Dollar General,"$34,220.40 ",1.40%,"$2,399.20 ",-9.60%,"$26,327.40 ","$50,953 ",-15,"163,000"
107,Qualcomm,"$33,566 ",42.60%,"$9,043 ",74%,"$41,240 ","$172,228.10 ",17,"45,000"
108,Capital One Financial,"$32,033 ",1.20%,"$12,390 ",356.50%,"$432,381 ","$53,260.40 ",-9,"50,767"
109,TD Synnex,"$31,614.20 ",28.10%,$395.10 ,-25.30%,"$27,666.40 ","$9,853.60 ",8,"27,000"
110,Philip Morris International,"$31,405 ",9.40%,"$9,109 ",13.10%,"$41,290 ","$145,614.70 ",-9,"69,600"
111,World Fuel Services,"$31,337 ",53.90%,$73.70 ,-32.80%,"$5,942.40 ","$1,715.50 ",36,"4,414"
112,Performance Food Group,"$30,398.90 ",21.20%,$40.70 ,-,"$7,845.70 ","$7,880.90 ",2,"22,885"
113,Delta Air Lines,"$29,899 ",74.90%,$280 ,-,"$72,459 ","$25,322 ",65,"83,000"
114,American Airlines Group,"$29,882 ",72.40%,"($1,993)",-,"$66,467 ","$11,847.20 ",60,"123,400"
115,Netflix,"$29,697.80 ",18.80%,"$5,116.20 ",85.30%,"$44,584.70 ","$166,304.10 ",-,"11,300"
116,Paramount Global,"$29,579 ",13%,"$4,543 ",87.60%,"$58,620 ","$24,628.80 ",-7,"25,115"
117,US Foods Holding,"$29,487 ",28.80%,$164 ,-,"$12,521 ","$8,392.30 ",11,"28,000"
118,Danaher,"$29,453 ",32.20%,"$6,433 ",76.40%,"$83,184 ","$209,993.40 ",12,"79,000"
119,Jabil,"$29,285 ",7.40%,$696 ,1191%,"$16,654 ","$8,857.30 ",-15,"238,000"
120,Starbucks,"$29,060.60 ",23.60%,"$4,199.30 ",352.40%,"$31,392.60 ","$104,642.80 ",5,"383,000"
121,Mondelez International,"$28,720 ",8%,"$4,300 ",21%,"$67,092 ","$87,159.20 ",-13,"79,000"
122,Eli Lilly,"$28,318.40 ",15.40%,"$5,581.70 ",-9.90%,"$48,806 ","$272,723.60 ",-4,"35,238"
123,Hewlett Packard Enterprise,"$27,784 ",3%,"$3,427 ",-,"$57,699 ","$21,725.30 ",-17,"60,400"
124,D.R. Horton,"$27,774.20 ",36.70%,"$4,175.80 ",75.90%,"$24,015.90 ","$26,403.20 ",24,"11,788"
125,Molina Healthcare,"$27,771 ",43%,$659 ,-2.10%,"$12,209 ","$19,572.90 ",30,"14,000"
126,CBRE Group,"$27,746 ",16.50%,"$1,836.60 ",144.20%,"$22,073.50 ","$30,414.20 ",-4,"105,000"
127,Micron Technology,"$27,705 ",29.30%,"$5,861 ",118.10%,"$58,849 ","$86,977.20 ",8,"43,000"
128,Broadcom,"$27,450 ",14.90%,"$6,736 ",127.60%,"$75,570 ","$257,086.50 ",-7,"20,000"
129,Gilead Sciences,"$27,305 ",10.60%,"$6,225 ",4961%,"$67,952 ","$74,656.50 ",-13,"14,400"
130,PBF Energy,"$27,253.40 ",80.30%,$231 ,-,"$11,641.40 ","$2,932.60 ",73,"3,418"
131,Lennar,"$27,130.70 ",20.60%,"$4,430.10 ",79.70%,"$33,207.80 ","$23,413 ",-2,"10,753"
132,United Natural Foods,"$26,992 ",0.90%,$149 ,-,"$7,525 ","$2,409.30 ",-25,"28,300"
133,NRG Energy,"$26,989 ",196.80%,"$2,187 ",328.80%,"$23,182 ","$9,289 ",200,"6,635"
134,Nvidia,"$26,914 ",61.40%,"$9,752 ",125.10%,"$44,187 ","$684,878.60 ",50,"22,473"
135,Occidental Petroleum,"$26,772 ",60.50%,"$2,322 ",-,"$75,036 ","$53,160.20 ",48,"11,678"
136,Salesforce,"$26,492 ",24.70%,"$1,444 ",-64.50%,"$95,209 ","$210,196.80 ",1,"73,541"
137,Dollar Tree,"$26,321.20 ",3.20%,"$1,327.90 ",-1%,"$21,721.80 ","$36,051.40 ",-26,"136,226"
138,KKR,"$26,141.30 ",171.50%,"$4,666.50 ",133%,"$264,285.40 ","$51,542.90 ",178,"3,238"
139,Kraft Heinz,"$26,042 ",-0.50%,"$1,012 ",184.30%,"$93,394 ","$48,248.60 ",-29,"36,000"
140,Amgen,"$25,979 ",2.20%,"$5,893 ",-18.90%,"$61,165 ","$134,700.80 ",-28,"24,200"
141,AutoNation,"$25,844 ",26.70%,"$1,373 ",259.80%,"$8,943.60 ","$6,111.40 ",4,"22,200"
142,Penske Automotive Group,"$25,554.70 ",25%,"$1,187.80 ",118.50%,"$13,464.60 ","$7,196.70 ",1,"24,797"
143,PayPal Holdings,"$25,371 ",18.30%,"$4,169 ",-0.80%,"$75,803 ","$134,732.80 ",-9,"30,900"
144,Macy's,"$25,292 ",39.80%,"$1,430 ",-,"$17,590 ","$7,123.20 ",20,"88,857"
145,Duke Energy,"$24,677 ",5.20%,"$3,908 ",183.80%,"$169,587 ","$85,967 ",-19,"27,605"
146,United Airlines Holdings,"$24,634 ",60.40%,"($1,964)",-,"$68,175 ","$15,049.70 ",54,"84,100"
147,Visa,"$24,105 ",10.30%,"$12,311 ",13.30%,"$82,896 ","$480,022.50 ",-14,"21,500"
148,Rite Aid,"$24,043.40 ",9.60%,($90.90),-,"$9,335.40 ",$488.10 ,-16,"50,000"
149,Cummins,"$24,021 ",21.30%,"$2,131 ",19.10%,"$23,710 ","$29,140.90 ",1,"59,900"
150,U.S. Bancorp,"$23,714 ",-6%,"$7,963 ",60.60%,"$573,284 ","$78,929.80 ",-37,"68,796"
151,Paccar,"$23,522.30 ",25.60%,"$1,852.10 ",42.60%,"$29,301.70 ","$30,619.70 ",8,"28,500"
152,McDonald's,"$23,222.90 ",20.90%,"$7,545.20 ",59.50%,"$53,854.30 ","$183,873.60 ",5,"200,000"
153,Southern,"$23,113 ",13.40%,"$2,393 ",-23.30%,"$127,534 ","$76,877 ",-7,"27,164"
154,C.H. Robinson Worldwide,"$23,102.10 ",42.50%,$844.20 ,66.70%,"$7,028.10 ","$13,855.80 ",37,"16,877"
155,Truist Financial,"$23,064 ",-5.60%,"$6,440 ",43.70%,"$541,241 ","$75,353.90 ",-36,"51,462"
156,Applied Materials,"$23,063 ",34.10%,"$5,888 ",62.70%,"$25,825 ","$116,431.40 ",20,"27,000"
157,Freeport-McMoRan,"$22,845 ",60.90%,"$4,306 ",618.90%,"$48,022 ","$72,360.80 ",58,"24,700"
158,Lithia Motors,"$22,831.70 ",74%,"$1,060 ",125.40%,"$11,146.90 ","$8,909.80 ",73,"21,150"
159,Blackstone,"$22,577.10 ",270%,"$5,857.40 ",460.30%,"$41,196.40 ","$88,907.20 ",295,"3,795"
160,Hartford Financial Services Group,"$22,390 ",9.10%,"$2,365 ",36.20%,"$76,578 ","$23,815.60 ",-18,"18,100"
161,Aflac,"$22,106 ",-0.20%,"$4,325 ",-9.50%,"$157,542 ","$41,812.80 ",-30,"12,447"
162,Whirlpool,"$21,985 ",13%,"$1,783 ",64.90%,"$20,285 ","$10,101.20 ",-8,"69,000"
163,Union Pacific,"$21,804 ",11.60%,"$6,523 ",21.90%,"$63,525 ","$171,681.60 ",-10,"32,124"
164,International Paper,"$21,780 ",5.80%,"$1,752 ",263.50%,"$25,243 ","$17,301.10 ",-23,"38,200"
165,Altria Group,"$21,111 ",1.30%,"$2,475 ",-44.60%,"$39,523 ","$94,951.70 ",-27,"6,000"
166,CDW,"$20,820.80 ",12.70%,$988.60 ,25.40%,"$13,199.40 ","$24,140.20 ",-5,"13,900"
167,ManpowerGroup,"$20,724.40 ",15.10%,$382.40 ,1506.70%,"$9,828.90 ","$5,025.60 ",-2,"30,000"
168,PG&E,"$20,642 ",11.80%,($102),-,"$103,327 ","$29,433.70 ",-8,"26,000"
169,Carrier Global,"$20,613 ",18.10%,"$1,664 ",-16%,"$26,172 ","$39,127.40 ",2,"58,000"
170,Baker Hughes,"$20,502 ",-1%,($219),-,"$35,308 ","$37,410.20 ",-30,"54,000"
171,Cleveland-Cliffs,"$20,444 ",281.80%,"$2,988 ",-,"$18,975 ","$16,891.20 ",330,"26,000"
172,United States Steel,"$20,275 ",108.10%,"$4,174 ",-,"$17,816 ","$9,832.30 ",138,"24,540"
173,Becton Dickinson,"$20,248 ",18.30%,"$2,092 ",139.40%,"$53,866 ","$75,749.10 ",4,"75,000"
174,CarMax,"$20,092.10 ",-6.20%,$746.90 ,-15.90%,"$21,541.50 ","$15,598.90 ",-38,"26,889"
175,Sherwin-Williams,"$19,944.60 ",8.60%,"$1,864.40 ",-8.20%,"$20,666.70 ","$65,037.90 ",-13,"61,626"
176,Builders FirstSource,"$19,893.90 ",132.40%,"$1,725.40 ",450.30%,"$10,714.30 ","$11,408.90 ",174,"28,000"
177,Marsh & McLennan,"$19,820 ",15.10%,"$3,143 ",55.90%,"$34,388 ","$85,681.30 ",-2,"83,000"
178,PNC Financial Services Group,"$19,698 ",-18.10%,"$5,674 ",-24.50%,"$557,191 ","$77,203.40 ",-58,"58,547"
179,Lumen Technologies,"$19,687 ",-4.90%,"$2,033 ",-,"$57,993 ","$11,533.40 ",-40,"36,000"
180,Avnet,"$19,534.70 ",10.80%,$193.10 ,-,"$8,925.40 ","$4,016.90 ",-12,"14,500"
181,Tenet Healthcare,"$19,485 ",10.50%,$914 ,129.10%,"$27,579 ","$9,387.60 ",-14,"88,968"
182,Kimberly-Clark,"$19,440 ",1.60%,"$1,814 ",-22.90%,"$17,837 ","$41,496.10 ",-24,"45,000"
183,Kohl's,"$19,433 ",21.80%,$938 ,-,"$15,054 ","$7,774.60 ",12,"67,000"
184,BlackRock,"$19,374 ",19.60%,"$5,901 ",19.60%,"$152,648 ","$116,186.20 ",8,"18,400"
185,Jones Lang LaSalle,"$19,367 ",16.70%,$961.60 ,138.90%,"$15,505 ","$11,945.50 ",1,"98,200"
186,Lear,"$19,263.10 ",13%,$373.90 ,135.90%,"$13,352.40 ","$8,513.10 ",-7,"160,100"
187,Lincoln National,"$19,230 ",10.30%,"$1,405 ",181.60%,"$387,301 ","$11,271.60 ",-15,"10,848"
188,Charles Schwab,"$18,996 ",56.90%,"$5,855 ",77.50%,"$667,270 ","$159,675.90 ",63,"33,400"
189,Ross Stores,"$18,916.20 ",50.90%,"$1,722.60 ",1917.50%,"$13,640.30 ","$31,741.70 ",53,"100,000"
190,Mastercard,"$18,884 ",23.40%,"$8,687 ",35.50%,"$37,669 ","$349,330.50 ",11,"24,000"
191,Genuine Parts,"$18,870.50 ",8.50%,$898.80 ,-,"$14,352.10 ","$17,888.10 ",-18,"52,000"
192,WestRock,"$18,746.10 ",6.60%,$838.30 ,-,"$29,254.30 ","$12,379 ",-22,"49,900"
193,EOG Resources,"$18,642 ",69%,"$4,664 ",-,"$38,236 ","$69,796 ",92,"2,800"
194,Cognizant Technology Solutions,"$18,507 ",11.10%,"$2,137 ",53.50%,"$17,852 ","$47,035 ",-9,"330,600"
195,Moderna,"$18,471 ",2199.10%,"$12,202 ",-,"$24,669 ","$69,424.30 ",-,"2,700"
196,Steel Dynamics,"$18,408.90 ",91.70%,"$3,214.10 ",483.50%,"$12,531.20 ","$15,811.50 ",123,"10,640"
197,HF Sinclair,"$18,389.10 ",64.40%,$558.30 ,-,"$12,916.60 ","$8,895.80 ",82,"4,208"
198,Texas Instruments,"$18,344 ",26.90%,"$7,769 ",38.90%,"$24,676 ","$169,329.60 ",12,"31,000"
199,Emerson Electric,"$18,236 ",8.60%,"$2,303 ",17.20%,"$24,715 ","$58,241.70 ",-18,"86,700"
200,WESCO International,"$18,217.50 ",47.80%,$465.40 ,362.80%,"$12,617.70 ","$6,598.50 ",45,"18,000"
201,General Mills,"$18,127 ",2.80%,"$2,339.80 ",7.30%,"$31,841.90 ","$40,781.80 ",-32,"35,000"
202,Tenneco,"$18,035 ",17.30%,$35 ,-,"$11,622 ","$1,523 ",-3,"71,000"
203,Waste Management,"$17,931 ",17.80%,"$1,816 ",21.40%,"$29,097 ","$65,802.80 ",-1,"48,500"
204,Viatris,"$17,886.30 ",49.70%,"($1,269.10)",-,"$54,842.80 ","$13,160.20 ",50,"37,000"
205,DISH Network,"$17,881.10 ",15.40%,"$2,410.60 ",36.80%,"$48,001.70 ","$16,743.10 ",-8,"14,500"
206,L3Harris Technologies,"$17,814 ",-2.10%,"$1,846 ",65%,"$34,709 ","$47,969.60 ",-43,"47,000"
207,DXC Technology,"$17,729 ",-9.40%,($149),-,"$22,038 ","$7,977.30 ",-55,"134,000"
208,Block,"$17,661.20 ",86%,$166.30 ,-22%,"$13,925.80 ","$78,655.90 ",115,"8,521"
209,Goodyear Tire & Rubber,"$17,478 ",41.90%,$764 ,-,"$21,402 ","$4,029.30 ",37,"72,000"
210,Uber Technologies,"$17,455 ",56.70%,($496),-,"$38,774 ","$69,753 ",71,"29,300"
211,Colgate-Palmolive,"$17,421 ",5.80%,"$2,166 ",-19.60%,"$15,040 ","$63,742.20 ",-23,"33,800"
212,Stanley Black & Decker,"$17,252.70 ",18.70%,"$1,689.20 ",36.90%,"$28,180 ","$22,843.30 ",-3,"71,300"
213,DuPont,"$17,160 ",-15.90%,"$6,467 ",-,"$45,707 ","$37,739.70 ",-69,"28,000"
214,Stryker,"$17,108 ",19.20%,"$1,994 ",24.70%,"$34,631 ","$100,978.10 ",-2,"46,000"
215,NextEra Energy,"$17,069 ",-5.20%,"$3,573 ",22.40%,"$140,912 ","$166,264.10 ",-49,"15,000"
216,Targa Resources,"$16,949.80 ",105.20%,$71.20 ,-,"$15,208.20 ","$17,243.80 ",148,"2,430"
217,Western Digital,"$16,922 ",1.10%,$821 ,-,"$26,132 ","$15,536.40 ",-35,"65,600"
218,PPG Industries,"$16,802 ",21.50%,"$1,439 ",35.90%,"$21,351 ","$30,951.90 ",2,"49,300"
219,American Electric Power,"$16,792 ",12.60%,"$2,488.10 ",13.10%,"$87,668.70 ","$50,338.60 ",-15,"16,688"
220,Gap,"$16,670 ",20.80%,$256 ,-,"$12,761 ","$5,206.60 ",1,"97,000"
221,BJ's Wholesale Club,"$16,667.30 ",8%,$426.70 ,1.30%,"$5,668.90 ","$9,146.90 ",-23,"34,000"
222,Reinsurance Group of America,"$16,658 ",14.10%,$617 ,48.70%,"$92,175 ","$7,354.60 ",-15,"3,500"
223,Kinder Morgan,"$16,610 ",42%,"$1,784 ",1399.20%,"$70,416 ","$42,878.10 ",39,"10,529"
224,Oneok,"$16,540.30 ",93.60%,"$1,499.70 ",144.70%,"$23,621.60 ","$31,516 ",127,"2,847"
225,Expeditors Intl. of Washington,"$16,523.50 ",72.40%,"$1,415.50 ",103.30%,"$7,609.90 ","$17,268.80 ",74,"19,070"
226,Advanced Micro Devices,"$16,434 ",68.30%,"$3,162 ",27%,"$12,419 ","$177,936.10 ",83,"15,500"
227,Fiserv,"$16,226 ",9.30%,"$1,334 ",39.20%,"$76,249 ","$66,132.80 ",-22,"44,000"
228,Est√©e Lauder,"$16,215 ",13.40%,"$2,870 ",319.60%,"$21,971 ","$97,672.10 ",-15,"53,320"
229,Bank of New York Mellon,"$16,158 ",-4.60%,"$3,759 ",3.90%,"$444,438 ","$40,056.70 ",-49,"49,100"
230,Laboratory Corp. of America,"$16,120.90 ",15.30%,"$2,377.30 ",52.80%,"$20,385.40 ","$24,625.80 ",-12,"71,725"
231,Regeneron Pharmaceuticals,"$16,071.70 ",89.10%,"$8,075.30 ",129.90%,"$25,434.80 ","$75,806 ",123,"10,368"
232,Land O'Lakes,"$15,916.40 ",14.10%,$287.40 ,8.50%,"$9,560 ",-,-13,"9,000"
233,Cheniere Energy,"$15,864 ",69.50%,"($2,343)",-,"$39,258 ","$35,272.30 ",95,"1,550"
234,Southwest Airlines,"$15,790 ",74.50%,$977 ,-,"$36,320 ","$27,129.30 ",102,"55,093"
235,Adobe,"$15,785 ",22.70%,"$4,822 ",-8.30%,"$27,241 ","$215,280.50 ",-1,"25,988"
236,Synchrony Financial,"$15,752 ",-4.40%,"$4,221 ",204.80%,"$95,748 ","$18,145.50 ",-49,"18,000"
237,Corteva,"$15,655 ",10.10%,"$1,759 ",158.30%,"$42,344 ","$41,774.90 ",-23,"21,000"
238,Fidelity National Financial,"$15,643 ",45.10%,"$2,422 ",69.70%,"$60,690 ","$13,849.60 ",50,"28,290"
239,DTE Energy,"$15,369 ",26.20%,$907 ,-33.70%,"$39,719 ","$25,614.60 ",11,"10,300"
240,Murphy USA,"$15,318.80 ",61.20%,$396.90 ,2.80%,"$4,048.20 ","$4,888.60 ",82,"10,430"
241,Halliburton,"$15,295 ",5.90%,"$1,457 ",-,"$22,321 ","$34,028.90 ",-30,"40,000"
242,Automatic Data Processing,"$15,005.40 ",2.80%,"$2,598.50 ",5.40%,"$48,772.50 ","$95,577.10 ",-34,"56,000"
243,Edison International,"$14,905 ",9.80%,$759 ,2.70%,"$74,745 ","$26,693.80 ",-17,"13,003"
244,BorgWarner,"$14,838 ",46%,$537 ,7.40%,"$16,575 ","$9,335 ",51,"49,300"
245,Nordstrom,"$14,789 ",38%,$178 ,-,"$8,869 ","$4,321.30 ",44,"72,000"
246,Loews,"$14,657 ",16.50%,"$1,578 ",-,"$81,626 ","$15,971.30 ",-7,"10,340"
247,Guardian Life Ins. Co. of America,"$14,647.80 ",8%,$288.80 ,1128.50%,"$90,419.70 ",-,-20,"9,150"
248,Pioneer Natural Resources,"$14,643 ",119%,"$2,118 ",-,"$36,811 ","$60,728.30 ",180,"1,932"
249,AutoZone,"$14,629.60 ",15.80%,"$2,170.30 ",25.20%,"$14,516.20 ","$40,582.60 ",-11,"85,050"
250,Lam Research,"$14,626.20 ",45.60%,"$3,908.50 ",73.60%,"$15,892.20 ","$74,996.70 ",54,"14,100"
251,American Family Insurance Group,"$14,611.90 ",11.80%,$734.50 ,82.20%,"$36,316.40 ",-,-19,"13,590"
252,Illinois Tool Works,"$14,455 ",15%,"$2,694 ",27.70%,"$16,077 ","$65,311.90 ",-12,"45,000"
253,Parker-Hannifin,"$14,347.60 ",4.80%,"$1,746.10 ",44.70%,"$20,341.20 ","$36,456.80 ",-30,"54,640"
254,Otis Worldwide,"$14,298 ",12.10%,"$1,246 ",37.50%,"$12,279 ","$32,700.90 ",-18,"70,000"
255,Omnicom Group,"$14,289.40 ",8.50%,"$1,407.80 ",48.90%,"$28,421.80 ","$17,565.70 ",-26,"71,700"
256,Principal Financial,"$14,262.70 ",-3.20%,"$1,710.60 ",22.60%,"$304,657.20 ","$19,176.70 ",-50,"18,600"
257,Dominion Energy,"$14,218 ",-11.80%,"$3,288 ",-,"$99,590 ","$68,883 ",-64,"17,100"
258,Kellogg,"$14,181 ",3%,"$1,488 ",18.90%,"$18,178 ","$21,890.20 ",-36,"31,000"
259,Fluor,"$14,156.80 ",-10.90%,($440.20),-,"$7,279.60 ","$4,051.70 ",-63,"40,582"
260,AECOM,"$14,112.40 ",-13.90%,$173.20 ,-,"$11,734 ","$10,856.50 ",-71,"51,000"
261,Reliance Steel & Aluminum,"$14,093.30 ",59.90%,"$1,413 ",282.80%,"$9,536 ","$11,313.50 ",82,"13,950"
262,Jacobs Engineering Group,"$14,092.60 ",3.80%,$477 ,-3%,"$14,632.60 ","$17,807.40 ",-37,"53,500"
263,Corning,"$14,082 ",24.60%,"$1,906 ",272.30%,"$30,154 ","$31,212.80 ",14,"61,200"
264,Farmers Insurance Exchange,"$14,055 ",18.40%,($366.80),-,"$21,740.70 ",-,-8,"11,787"
265,Qurate Retail,"$14,044 ",-0.90%,$340 ,-71.80%,"$16,249 ","$1,807.40 ",-49,"26,745"
266,Pacific Life,"$13,936 ",38.50%,"$1,102 ",-,"$209,486 ",-,37,"3,861"
267,PulteGroup,"$13,926.90 ",26.20%,"$1,946.30 ",38.30%,"$13,352.60 ","$10,115.70 ",17,"6,182"
268,Fidelity National Information Services,"$13,877 ",10.60%,$417 ,163.90%,"$82,931 ","$61,215.10 ",-27,"65,000"
269,IQVIA Holdings,"$13,874 ",22.10%,$966 ,246.20%,"$24,689 ","$44,140.80 ",6,"79,000"
270,Marriott International,"$13,857 ",31.10%,"$1,099 ",-,"$25,553 ","$57,514.90 ",23,"120,000"
271,Berry Global Group,"$13,850 ",18.30%,$733 ,31.10%,"$17,882 ","$7,832.40 ",-10,"47,000"
272,Ball,"$13,811 ",17.20%,$878 ,50.10%,"$19,714 ","$28,909.10 ",-12,"24,300"
273,Group 1 Automotive,"$13,801.70 ",27.20%,$552.10 ,92.70%,"$5,749.40 ","$2,859.90 ",13,"13,711"
274,Leidos Holdings,"$13,737 ",11.70%,$753 ,19.90%,"$13,261 ","$14,727.70 ",-26,"43,000"
275,Wayfair,"$13,708 ",-3.10%,($131),-170.80%,"$4,570 ","$11,641.60 ",-58,"16,681"
276,Consolidated Edison,"$13,676 ",11.70%,"$1,346 ",22.30%,"$63,116 ","$33,525.30 ",-27,"13,871"
277,Ameriprise Financial,"$13,443 ",12.40%,"$2,760 ",79.90%,"$175,979 ","$33,213 ",-24,"12,000"
278,Xcel Energy,"$13,431 ",16.50%,"$1,597 ",8.40%,"$57,851 ","$39,275.90 ",-6,"11,321"
279,O'Reilly Automotive,"$13,327.60 ",14.80%,"$2,164.70 ",23.50%,"$11,718.70 ","$45,410.40 ",-11,"76,158"
280,Global Partners,"$13,248.30 ",59.20%,$60.80 ,-40.50%,"$2,831.20 ",$927.10 ,81,"2,960"
281,Discover Financial Services,"$13,221 ",2.10%,"$5,449 ",377.60%,"$110,242 ","$31,076.70 ",-48,"16,700"
282,Rocket Companies,"$13,175.60 ",-17.60%,$308.20 ,55.70%,"$32,774.90 ","$21,905.90 ",-88,"26,000"
283,LKQ,"$13,088.50 ",12.60%,"$1,090.90 ",70.90%,"$12,606.20 ","$12,941.40 ",-17,"46,000"
284,W.W. Grainger,"$13,022 ",10.40%,"$1,043 ",50.10%,"$6,592 ","$26,358 ",-26,"23,450"
285,Quanta Services,"$12,980.20 ",15.90%,$486 ,9.10%,"$12,855.20 ","$18,779.50 ",-7,"43,700"
286,Crown Holdings,"$12,979 ",12.10%,($560),-196.70%,"$13,858 ","$15,460.60 ",-17,"26,000"
287,Fox,"$12,909 ",4.90%,"$2,150 ",115.20%,"$22,926 ","$21,423.20 ",-40,"9,000"
288,Sempra,"$12,857 ",7.70%,"$1,317 ",-66.50%,"$72,045 ","$53,087.60 ",-33,"15,390"
289,Markel,"$12,846.40 ",32%,"$2,425 ",197.20%,"$48,448.90 ","$20,037.50 ",22,"20,300"
290,Carvana,"$12,814 ",129.40%,($135),-,"$7,015 ","$19,549.50 ",193,"21,000"
291,XPO Logistics,"$12,806 ",-21.20%,$336 ,205.50%,"$8,707 ","$8,356.90 ",-101,"44,700"
292,Baxter International,"$12,784 ",9.50%,"$1,284 ",16.50%,"$33,521 ","$39,017.90 ",-28,"60,000"
293,Ecolab,"$12,733.10 ",-0.10%,"$1,129.90 ",-,"$21,206.40 ","$50,548.40 ",-56,"47,000"
294,Tractor Supply,"$12,731.10 ",19.90%,$997.10 ,33.10%,"$7,767.50 ","$26,171.60 ",-3,"34,000"
295,Andersons,"$12,728.80 ",55.10%,$104 ,1248.70%,"$4,569.20 ","$1,708.20 ",71,"2,334"
296,Keurig Dr Pepper,"$12,683 ",9.20%,"$2,146 ",62%,"$50,598 ","$53,748.20 ",-29,"27,500"
297,Universal Health Services,"$12,642.10 ",9.40%,$991.60 ,5%,"$13,093.50 ","$10,843.10 ",-27,"78,850"
298,CSX,"$12,522 ",18.30%,"$3,781 ",36.70%,"$40,531 ","$81,587.80 ",-6,"20,919"
299,Henry Schein,"$12,401 ",22.60%,$631.20 ,56.30%,"$8,481.10 ","$11,960.10 ",-1,"21,600"
300,Sonic Automotive,"$12,396.40 ",26.90%,$348.90 ,-,"$4,975.10 ","$1,728.80 ",8,"10,200"
301,eBay,"$12,394 ",9.20%,"$13,608 ",140.10%,"$26,626 ","$33,641.90 ",-25,"10,800"
302,Textron,"$12,382 ",6.30%,$746 ,141.40%,"$15,827 ","$16,090.60 ",-37,"33,000"
303,Jones Financial (Edward Jones),"$12,373 ",21.70%,"$1,605 ",24.90%,"$32,208 ",-,-8,"50,000"
304,Community Health Systems,"$12,368 ",4.90%,$230 ,-55%,"$15,217 ","$1,598.60 ",-45,"58,500"
305,Mosaic,"$12,357.40 ",42.30%,"$1,630.60 ",144.80%,"$22,036.40 ","$24,492.60 ",41,"12,525"
306,Thor Industries,"$12,317.40 ",50.80%,$659.90 ,195.90%,"$6,654.10 ","$4,330.90 ",62,"31,000"
307,Dick's Sporting Goods,"$12,293.40 ",28.30%,"$1,519.90 ",186.60%,"$9,041.70 ","$7,986.60 ",13,"34,300"
308,Newmont,"$12,222 ",6.30%,"$1,166 ",-58.80%,"$40,564 ","$62,968.10 ",-35,"14,400"
309,Devon Energy,"$12,206 ",139.80%,"$2,813 ",-,"$21,025 ","$39,274.10 ",211,"1,600"
310,Warner Bros. Discovery,"$12,191 ",14.20%,"$1,006 ",-17.50%,"$34,427 ","$12,700.50 ",-20,"11,000"
311,J.B. Hunt Transport Services,"$12,168.30 ",26.30%,$760.80 ,50.30%,"$6,794.30 ","$21,052.90 ",4,"33,045"
312,Alcoa,"$12,152 ",30.90%,$429 ,-,"$15,025 ","$16,603.40 ",18,"12,200"
313,Peter Kiewit Sons',"$12,149 ",-2.50%,$753 ,-8.80%,"$6,238 ",-,-70,"28,800"
314,Aramark,"$12,096 ",-5.70%,($90.80),-,"$14,376.20 ","$9,655.50 ",-79,"248,300"
315,Vistra,"$12,077 ",5.50%,"($1,274)",-300.30%,"$29,683 ","$10,434.70 ",-41,"5,060"
316,State Street,"$12,030 ",-0.40%,"$2,693 ",11.30%,"$314,624 ","$31,891.80 ",-64,"38,784"
317,Unum Group,"$12,013.80 ",-8.70%,$824.20 ,3.90%,"$70,115.60 ","$6,382.80 ",-87,"10,200"
318,Alleghany,"$12,004.10 ",34.90%,"$1,034.90 ",917.10%,"$32,268.70 ","$11,396.10 ",21,"13,313"
319,Boston Scientific,"$11,888 ",19.90%,"$1,041 ",-,"$32,229 ","$63,310.20 ",-14,"41,000"
320,Westlake,"$11,778 ",57%,"$2,015 ",510.60%,"$18,459 ","$15,785.40 ",68,"14,550"
321,Entergy,"$11,742.90 ",16.10%,"$1,118.50 ",-19.40%,"$59,454.20 ","$23,760.40 ",-21,"12,369"
322,International Flavors & Fragrances,"$11,656 ",129.30%,$270 ,-25.70%,"$39,658 ","$33,455.60 ",200,"24,000"
323,DaVita,"$11,618.80 ",0.60%,$978.50 ,26.50%,"$17,121.50 ","$10,892.50 ",-52,"69,000"
324,Mutual of Omaha Insurance,"$11,459.30 ",3.30%,$579 ,-17.10%,"$49,852.70 ",-,-42,"5,739"
325,Assurant,"$11,410 ",13%,"$1,372.40 ",210.60%,"$33,911.50 ","$10,493.10 ",-23,"15,600"
326,Liberty Media,"$11,400 ",21.80%,$398 ,-,"$44,351 ","$15,239.10 ",-,"6,886"
327,Hormel Foods,"$11,386.20 ",18.50%,$908.80 ,0.10%,"$12,696.30 ","$28,089.20 ",-10,"20,000"
328,Icahn Enterprises,"$11,328 ",85%,($518),-,"$27,746 ","$15,237.10 ",125,"19,536"
329,Republic Services,"$11,295 ",11.20%,"$1,290.40 ",33.40%,"$24,955 ","$41,841.70 ",-32,"35,000"
330,Mohawk Industries,"$11,200.60 ",17.30%,"$1,033.20 ",100.40%,"$14,224.50 ","$8,081.80 ",-9,"43,000"
331,Conagra Brands,"$11,184.70 ",1.20%,"$1,298.80 ",54.60%,"$22,195.60 ","$16,103.50 ",-48,"18,600"
332,Norfolk Southern,"$11,142 ",13.80%,"$3,005 ",49.30%,"$38,493 ","$68,389.30 ",-25,"18,100"
333,AES,"$11,141 ",15.30%,($409),-989.10%,"$32,963 ","$17,172.10 ",-20,"8,450"
334,AGCO,"$11,138.30 ",21.70%,$897 ,110%,"$9,182.10 ","$10,885.30 ",-3,"23,300"
335,Caesars Entertainment,"$11,110 ",219.80%,"($1,019)",-,"$38,031 ","$16,564.60 ",340,"49,000"
336,Equitable Holdings,"$11,036 ",-11.10%,($439),-,"$292,262 ","$12,041.20 ",-92,"10,000"
337,Advance Auto Parts,"$10,998 ",8.80%,$616.10 ,25%,"$12,194.20 ","$12,644.80 ",-36,"54,500"
338,Biogen,"$10,981.70 ",-18.30%,"$1,556.10 ",-61.10%,"$23,877.30 ","$30,950.40 ",-110,"9,610"
339,Auto-Owners Insurance,"$10,980.20 ",24%,"$1,318.40 ",59%,"$32,487.10 ",-,2,"6,441"
340,Booking Holdings,"$10,958 ",61.20%,"$1,165 ",1874.60%,"$23,641 ","$96,022.70 ",84,"20,199"
341,Amphenol,"$10,876.30 ",26.50%,"$1,590.80 ",32.20%,"$14,678.40 ","$45,130.10 ",8,"90,000"
342,Quest Diagnostics,"$10,788 ",14.30%,"$1,995 ",39.40%,"$13,611 ","$16,348.60 ",-18,"44,500"
343,FirstEnergy,"$10,758 ",3.10%,"$1,283 ",18.90%,"$45,432 ","$26,181.60 ",-49,"12,395"
344,DCP Midstream,"$10,707 ",69.90%,$391 ,-,"$13,380 ","$6,993.20 ",98,"1,788"
345,Ally Financial,"$10,690 ",-0.80%,"$3,060 ",182%,"$182,114 ","$14,411.60 ",-58,"10,500"
346,Delek US Holdings,"$10,648.20 ",45.80%,($203.50),-,"$6,728 ","$1,500.20 ",51,"3,312"
347,Williams,"$10,627 ",37.70%,"$1,517 ",619%,"$47,612 ","$40,670.40 ",32,"4,783"
348,Newell Brands,"$10,589 ",12.80%,$572 ,-,"$14,179 ","$8,902.40 ",-23,"32,000"
349,Eastman Chemical,"$10,476 ",23.60%,$857 ,79.30%,"$15,519 ","$14,450.10 ",6,"14,000"
350,Air Products & Chemicals,"$10,323 ",16.60%,"$2,099.10 ",11.30%,"$26,859.20 ","$55,409.40 ",-10,"20,750"
351,Thrivent Financial for Lutherans,"$10,312.70 ",26.50%,"$2,530.20 ",297.20%,"$116,524.80 ",-,18,"3,256"
352,Molson Coors Beverage,"$10,279.70 ",6.50%,"$1,005.70 ",-,"$27,619 ","$11,631.80 ",-38,"16,300"
353,Interpublic Group,"$10,240.70 ",13%,$952.80 ,171.40%,"$19,909.20 ","$13,965.90 ",-19,"55,600"
354,Weyerhaeuser,"$10,201 ",35.40%,"$2,607 ",227.10%,"$17,652 ","$28,315 ",33,"9,214"
355,Altice USA,"$10,090.80 ",2%,$990.30 ,127%,"$33,215 ","$5,674.10 ",-49,"9,000"
356,Raymond James Financial,"$9,910 ",21.30%,"$1,403 ",71.50%,"$61,891 ","$22,817.50 ",11,"15,000"
357,EMCOR Group,"$9,903.60 ",12.60%,$383.50 ,188.50%,"$5,441.40 ","$5,931.80 ",-13,"34,000"
358,Eversource Energy,"$9,863.10 ",10.80%,"$1,220.50 ",1.30%,"$48,492.10 ","$30,403.20 ",-20,"9,227"
359,Yum China Holdings,"$9,853 ",19.20%,$990 ,26.30%,"$13,223 ","$17,679 ",4,"298,500"
360,Asbury Automotive Group,"$9,837.70 ",37.90%,$532.40 ,109.30%,"$8,002.60 ","$3,714.80 ",45,"14,200"
361,Owens & Minor,"$9,785.30 ",12.40%,$221.60 ,641.80%,"$3,536.60 ","$3,375.60 ",-16,"17,300"
362,Public Service Enterprise Group,"$9,722 ",1.20%,($648),-134%,"$48,999 ","$35,145.50 ",-44,"12,684"
363,United Rentals,"$9,716 ",13.90%,"$1,386 ",55.70%,"$20,292 ","$25,643.30 ",-11,"20,400"
364,MGM Resorts International,"$9,680.10 ",87.50%,"$1,254.40 ",-,"$40,899.10 ","$18,257.90 ",153,"60,500"
365,Ryder System,"$9,663 ",14.80%,$519 ,-,"$13,834.30 ","$4,055.40 ",-8,"42,800"
366,Intuit,"$9,633 ",25.40%,"$2,062 ",12.90%,"$15,516 ","$135,987.60 ",14,"17,350"
367,Cincinnati Financial,"$9,629.70 ",27.80%,"$2,945.60 ",142.20%,"$31,386.70 ","$21,813.30 ",19,"5,166"
368,Erie Insurance Group,"$9,619.70 ",11%,"$1,130.10 ",-3.70%,"$27,297.30 ",-,-21,"5,805"
369,Univar Solutions,"$9,535.50 ",15.40%,$460.60 ,770.70%,"$6,777.80 ","$5,459.80 ",-7,"9,450"
370,Huntington Ingalls Industries,"$9,524 ",1.70%,$544 ,-21.80%,"$10,627 ","$7,991 ",-43,"44,000"
371,W.R. Berkley,"$9,455.50 ",16.70%,"$1,022.50 ",92.70%,"$32,086.40 ","$17,658.80 ",1,"7,681"
372,Western & Southern Financial Group,"$9,441.70 ",17.20%,$361.20 ,76.70%,"$62,876.70 ",-,2,"2,538"
373,Insight Enterprises,"$9,436.10 ",13.10%,$219.30 ,27.10%,"$4,689.10 ","$3,745.10 ",-13,"11,624"
374,News Corp.,"$9,358 ",3.90%,$330 ,-,"$16,771 ","$13,127.70 ",-37,"24,000"
375,American Tower,"$9,356.90 ",16.40%,"$2,567.70 ",51.90%,"$69,887.90 ","$114,527.40 ",-,"6,378"
376,Old Republic International,"$9,341.60 ",30.40%,"$1,534.30 ",174.70%,"$24,981.80 ","$7,972.80 ",25,"9,600"
377,Burlington Stores,"$9,322.30 ",61.70%,$408.80 ,-,"$7,089.50 ","$12,112.80 ",94,"38,599"
378,Avis Budget Group,"$9,313 ",72.40%,"$1,285 ",-,"$22,600 ","$14,157 ",120,"18,500"
379,ODP,"$9,267 ",-4.60%,($208),-,"$4,865 ","$2,222.20 ",-67,"26,000"
380,VF,"$9,238.80 ",-21%,$407.90 ,-40%,"$13,754 ","$22,112.90 ",-117,"33,600"
381,Bed Bath & Beyond,"$9,233 ",-17.30%,($150.80),-,"$6,456.90 ","$2,170.50 ",-101,"37,600"
382,Seaboard,"$9,229 ",29.50%,$570 ,101.40%,"$7,503 ","$4,881.60 ",24,"13,200"
383,First American Financial,"$9,221 ",30.10%,"$1,241 ",78.20%,"$16,451 ","$7,087.20 ",26,"22,233"
384,Intercontinental Exchange,"$9,168 ",11.20%,"$4,058 ",94.30%,"$193,502 ","$74,044.80 ",-19,"8,858"
385,PVH,"$9,154.70 ",28.40%,$952.30 ,-,"$12,396.80 ","$5,210 ",19,"25,000"
386,Apollo Global Management,"$9,124 ",332.20%,"$1,838.50 ",1073.90%,"$30,501.90 ","$37,194 ",552,"2,153"
387,Jefferies Financial Group,"$9,039.90 ",30%,"$1,674.40 ",116%,"$60,404.10 ","$7,933.90 ",32,"5,556"
388,Hershey,"$8,971.30 ",10.10%,"$1,477.50 ",15.50%,"$10,412.20 ","$44,461.50 ",-18,"17,805"
389,NVR,"$8,970.10 ",18.60%,"$1,236.70 ",37.20%,"$5,834.50 ","$15,010.50 ",-6,"6,600"
390,Foot Locker,"$8,958 ",18.70%,$893 ,176.50%,"$8,135 ","$2,850 ",-5,"33,244"
391,Dana,"$8,945 ",25.90%,$197 ,-,"$7,632 ","$2,544.40 ",17,"40,200"
392,SpartanNash,"$8,931 ",-4.50%,$73.80 ,-2.80%,"$2,206.80 ","$1,185.10 ",-63,"13,300"
393,Olin,"$8,910.60 ",54.80%,"$1,296.70 ",-,"$8,517.70 ","$8,062 ",79,"7,750"
394,Chewy,"$8,890.80 ",24.40%,($73.80),-,"$2,086.30 ","$17,147.30 ",9,"21,300"
395,Jackson Financial,"$8,848 ",-,"$3,183 ",-,"$375,484 ","$3,895.10 ",-,"3,150"
396,Activision Blizzard,"$8,803 ",8.90%,"$2,699 ",22.80%,"$25,056 ","$62,559.70 ",-23,"9,800"
397,Toll Brothers,"$8,790.40 ",24.20%,$833.60 ,86.70%,"$11,537.90 ","$5,515.40 ",14,"5,100"
398,Carlyle Group,"$8,782.10 ",199.30%,"$2,974.70 ",754.30%,"$21,250.40 ","$17,427.50 ",360,"1,850"
399,Graybar Electric,"$8,767.30 ",20.70%,$262.40 ,115.40%,"$3,069 ",-,-,"8,800"
400,Ovintiv,"$8,658 ",42.20%,"$1,416 ",-,"$14,055 ","$13,987.50 ",58,"1,713"
401,UFP Industries,"$8,636.10 ",67.60%,$535.60 ,117.10%,"$3,245.30 ","$4,790.50 ",117,"15,000"
402,Ulta Beauty,"$8,630.90 ",40.30%,$985.80 ,460.70%,"$4,764.40 ","$20,837.80 ",49,"28,500"
403,Constellation Brands,"$8,614.90 ",3.30%,"$1,998 ",-,"$27,104.80 ","$43,763.50 ",-44,"9,300"
404,Expedia Group,"$8,598 ",65.40%,$12 ,-,"$21,548 ","$30,476.50 ",111,"14,800"
405,CommScope Holding,"$8,586.70 ",1.80%,($462.60),-,"$13,259.50 ","$1,629.70 ",-49,"30,000"
406,Celanese,"$8,537 ",51%,"$1,890 ",-4.80%,"$11,975 ","$15,434.10 ",71,"8,529"
407,Global Payments,"$8,523.80 ",14.80%,$965.50 ,65.20%,"$45,279.70 ","$38,545.60 ",-13,"25,000"
408,Owens Corning,"$8,498 ",20.50%,$995 ,-,"$10,015 ","$9,064.70 ",5,"20,000"
409,Campbell Soup,"$8,476 ",-6.30%,"$1,002 ",-38.50%,"$11,734 ","$13,446.90 ",-74,"14,100"
410,Huntsman,"$8,453 ",40.30%,"$1,045 ",1.10%,"$9,392 ","$8,046.90 ",50,"9,000"
411,Franklin Resources,"$8,425.50 ",51.40%,"$1,831.20 ",129.20%,"$24,168.40 ","$14,019.30 ",73,"10,300"
412,Avery Dennison,"$8,408.30 ",20.60%,$740.10 ,33.10%,"$7,971.60 ","$14,327.40 ",5,"36,000"
413,Masco,"$8,375 ",14.90%,$410 ,-66.50%,"$5,575 ","$12,062.70 ",-15,"20,000"
414,CenterPoint Energy,"$8,352 ",-5.50%,"$1,486 ",-,"$37,679 ","$19,285.80 ",-72,"9,418"
415,Fifth Third Bancorp,"$8,329 ",-0.90%,"$2,770 ",94.10%,"$211,116 ","$29,511.30 ",-57,"19,112"
416,WEC Energy Group,"$8,316 ",14.80%,"$1,300.30 ",8.40%,"$38,988.50 ","$31,483.50 ",-16,"6,938"
417,S&P Global,"$8,297 ",11.50%,"$3,024 ",29.30%,"$15,026 ","$142,343.50 ",-24,"22,850"
418,FM Global,"$8,274.60 ",21.70%,"$2,842.40 ",64.10%,"$32,160.50 ",-,5,"5,560"
419,Polaris,"$8,252 ",16.10%,$493.90 ,295.80%,"$5,047.80 ","$6,264.10 ",-12,"16,000"
420,Williams-Sonoma,"$8,245.90 ",21.60%,"$1,126.30 ",65.50%,"$4,625.60 ","$10,376 ",5,"16,600"
421,Autoliv,"$8,230 ",10.50%,$435 ,132.70%,"$7,537 ","$6,691.10 ",-29,"58,176"
422,Arthur J. Gallagher,"$8,209.40 ",17.20%,$906.80 ,10.70%,"$33,345 ","$36,598.60 ",-6,"39,000"
423,Motorola Solutions,"$8,171 ",10.20%,"$1,245 ",31.20%,"$12,189 ","$40,555.90 ",-28,"18,700"
424,Zillow Group,"$8,147.40 ",143.90%,($527.80),-,"$10,695.50 ","$12,287.10 ",268,"8,005"
425,Opendoor Technologies,"$8,021 ",210.50%,($662),-,"$9,506 ","$5,364.10 ",394,"2,816"
426,J.M. Smucker,"$8,002.70 ",2.60%,$876.30 ,12.40%,"$16,284.20 ","$14,686.40 ",-48,"7,100"
427,Anywhere Real Estate,"$7,983 ",28.30%,$343 ,-,"$7,210 ","$1,852.10 ",18,"9,748"
428,Oshkosh,"$7,952.50 ",16%,$409.40 ,26.20%,"$6,721.80 ","$6,703.70 ",-6,"15,000"
429,MasTec,"$7,951.80 ",25.80%,$328.80 ,1.90%,"$7,121.40 ","$6,657 ",12,"27,000"
430,GXO Logistics,"$7,940 ",-,$153 ,-,"$7,271 ","$8,193 ",-,"97,500"
431,APA,"$7,928 ",84%,$973 ,-,"$13,303 ","$14,332.30 ",164,"2,253"
432,Boise Cascade,"$7,926.10 ",44.80%,$712.50 ,307.20%,"$2,572.60 ","$2,740.40 ",61,"6,130"
433,Dover,"$7,907.10 ",18.30%,"$1,123.80 ",64.40%,"$10,403.60 ","$22,610.30 ",-4,"25,000"
434,Genworth Financial,"$7,882 ",-9%,$904 ,407.90%,"$99,171 ","$1,917.90 ",-86,"2,500"
435,Bath & Body Works,"$7,881.50 ",-33.50%,"$1,333.50 ",57.90%,"$6,026 ","$11,419.90 ",-178,"32,850"
436,Booz Allen Hamilton Holding,"$7,858.90 ",5.30%,$609 ,26.20%,"$5,499.60 ","$11,705.40 ",-45,"27,700"
437,Coinbase Global,"$7,839.40 ",513.70%,"$3,624.10 ",1024.40%,"$21,274.40 ","$41,670.40 ",-,"3,730"
438,Zimmer Biomet Holdings,"$7,836.20 ",11.60%,$401.60 ,-,"$23,456.40 ","$26,772.30 ",-24,"19,500"
439,Westinghouse Air Brake Technologies,"$7,822 ",3.50%,$558 ,34.70%,"$18,454 ","$17,819.40 ",-55,"25,000"
440,Zoetis,"$7,776 ",16.50%,"$2,037 ",24.40%,"$13,900 ","$89,008.90 ",-9,"12,100"
441,Packaging Corp. of America,"$7,730.30 ",16.10%,$841.10 ,82.50%,"$7,836.80 ","$14,628.10 ",-8,"15,200"
442,LPL Financial Holdings,"$7,720.80 ",31.50%,$459.90 ,-2.70%,"$7,991.60 ","$14,608.80 ",24,"5,919"
443,T. Rowe Price,"$7,671.90 ",23.60%,"$3,082.90 ",29.90%,"$12,509 ","$34,442.60 ",4,"7,529"
444,Fortune Brands Home & Security,"$7,656.10 ",25.70%,$772.40 ,39.60%,"$7,936.20 ","$9,830.70 ",12,"28,056"
445,Casey's General Stores,"$7,654.20 ",-5.60%,$312.90 ,18.60%,"$4,460.30 ","$7,354.40 ",-74,"27,583"
446,A-Mark Precious Metals,"$7,613 ",39.40%,$159.60 ,423.20%,"$1,191.60 ",$890.50 ,49,347
447,Hess,"$7,583 ",57.80%,$559 ,-,"$20,515 ","$33,155.20 ",96,"1,545"
448,Vertex Pharmaceuticals,"$7,574.40 ",22.10%,"$2,342.10 ",-13.60%,"$13,432.50 ","$66,436.90 ",-,"3,900"
449,KeyCorp,"$7,561 ",3.10%,"$2,625 ",95.50%,"$186,346 ","$20,592.50 ",-53,"16,974"
450,Chipotle Mexican Grill,"$7,547.10 ",26.10%,$653 ,83.50%,"$6,653 ","$44,347.40 ",14,"97,660"
451,CMS Energy,"$7,538 ",12.80%,"$1,353 ",79.20%,"$28,753 ","$20,292.20 ",-21,"8,813"
452,Arconic,"$7,504 ",32.20%,($397),-,"$6,580 ","$2,690.70 ",24,"13,900"
453,Taylor Morrison Home,"$7,501.30 ",22.40%,$663 ,172.40%,"$8,727.80 ","$3,301.60 ",-1,"3,000"
454,American Financial Group,"$7,462 ",-5.70%,"$1,995 ",172.50%,"$28,931 ","$12,367.80 ",-78,"6,600"
455,UGI,"$7,447 ",13.50%,"$1,467 ",175.80%,"$16,723 ","$7,599.10 ",-19,"11,300"
456,Science Applications International,"$7,394 ",4.80%,$277 ,32.50%,"$5,746 ","$5,166.10 ",-44,"25,090"
457,Avantor,"$7,386.10 ",15.50%,$572.60 ,391.10%,"$13,897.20 ","$20,629.10 ",-19,"13,500"
458,Hanesbrands,"$7,347.80 ",10.30%,$77.20 ,-,"$7,071.40 ","$5,191.40 ",-26,"58,000"
459,Clorox,"$7,341 ",9.20%,$710 ,-24.40%,"$6,334 ","$17,108.70 ",-32,"9,000"
460,KBR,"$7,339 ",27.30%,$18 ,-,"$6,199 ","$7,634.90 ",10,"28,000"
461,TravelCenters of America,"$7,336.80 ",51.40%,$58.50 ,-,"$3,508.50 ",$637.50 ,79,"16,540"
462,Hertz Global Holdings,"$7,336 ",39.50%,$366 ,-,"$19,783 ","$9,508.90 ",46,"23,000"
463,Analog Devices,"$7,318.30 ",30.60%,"$1,390.40 ",13.90%,"$52,322.10 ","$86,441.20 ",18,"24,700"
464,Securian Financial Group,"$7,317.40 ",6.50%,$311.50 ,28.10%,"$75,169.40 ",-,-43,"6,941"
465,Darden Restaurants,"$7,196.10 ",-7.80%,$629.30 ,-,"$10,656.10 ","$16,980.90 ",-88,"156,883"
466,Graphic Packaging Holding,"$7,156 ",9.10%,$204 ,21.90%,"$10,457 ","$6,154.40 ",-31,"25,000"
466,NCR,"$7,156 ",15.30%,$97 ,-,"$11,641 ","$5,474.70 ",-20,"38,000"
468,Brighthouse Financial,"$7,142 ",-16%,($108),-,"$259,840 ","$3,958.70 ",-115,"1,500"
469,PPL,"$7,127 ",-6.30%,"($1,480)",-200.70%,"$33,223 ","$21,001.90 ",-87,"5,607"
470,Cintas,"$7,116.30 ",0.40%,"$1,111 ",26.80%,"$8,236.80 ","$43,566.70 ",-60,"40,000"
471,Xerox Holdings,"$7,038 ",0.20%,($455),-337%,"$13,223 ","$3,123.30 ",-56,"23,300"
472,Rockwell Automation,"$6,997.40 ",10.50%,"$1,358.10 ",32.70%,"$10,701.60 ","$32,538.40 ",-32,"24,500"
473,Citizens Financial Group,"$6,986 ",-9%,"$2,319 ",119.40%,"$188,409 ","$19,135.70 ",-92,"17,463"
474,KLA,"$6,918.70 ",19.20%,"$2,078.30 ",70.80%,"$10,271.10 ","$55,170.90 ",-6,"11,425"
475,Camping World Holdings,"$6,913.80 ",26.90%,$278.50 ,127.60%,"$4,372.90 ","$2,664.60 ",21,"12,834"
476,Ingredion,"$6,894 ",15.10%,$117 ,-66.40%,"$6,999 ","$5,814.20 ",-13,"12,000"
477,Veritiv,"$6,850.50 ",8%,$144.60 ,322.80%,"$2,438.40 ","$2,008 ",-38,"6,100"
478,Beacon Roofing Supply,"$6,820.40 ",-1.80%,$243 ,-,"$5,549.30 ","$4,175.90 ",-58,"6,676"
479,Diamondback Energy,"$6,797 ",141.60%,"$2,182 ",-,"$22,898 ","$24,320 ",302,870
480,Victoria's Secret,"$6,784.60 ",-,$646.40 ,-,"$4,344 ","$4,330.40 ",-,"24,000"
481,Academy Sports and Outdoors,"$6,773.10 ",19.10%,$671.40 ,117.40%,"$4,584.90 ","$3,433.50 ",-6,"16,508"
482,Sanmina,"$6,756.60 ",-2.90%,$269 ,92.50%,"$4,206.70 ","$2,569 ",-64,"33,500"
483,ON Semiconductor,"$6,739.80 ",28.30%,"$1,009.60 ",331.10%,"$9,626 ","$27,078.70 ",26,"31,650"
484,Commercial Metals,"$6,729.80 ",22.90%,$412.90 ,47.70%,"$4,638.70 ","$5,056.70 ",8,"11,089"
485,EnLink Midstream,"$6,685.90 ",71.70%,$22.40 ,-,"$8,483.20 ","$4,670.60 ",145,"1,073"
486,Southwestern Energy,"$6,667 ",188.90%,($25),-,"$11,848 ","$7,989.70 ",407,938
487,Equinix,"$6,635.50 ",10.60%,$500.20 ,35.30%,"$27,918.70 ","$67,280.50 ",-26,"10,944"
488,Dillard's,"$6,624.30 ",49.40%,$862.50 ,-,"$3,245.60 ","$4,928.20 ",97,"25,350"
489,Regions Financial,"$6,605 ",-0.80%,"$2,521 ",130.40%,"$162,938 ","$20,860.90 ",-55,"19,626"
490,Yum Brands,"$6,584 ",16.50%,"$1,575 ",74.20%,"$5,966 ","$34,252.90 ",-12,"25,650"
491,Landstar System,"$6,540.40 ",58.10%,$381.50 ,98.60%,"$2,045.50 ","$5,600 ",115,"1,399"
492,CF Industries Holdings,"$6,538.30 ",58.50%,$917.10 ,189.30%,"$12,375.20 ","$21,551.30 ",117,"3,003"
493,Northern Trust,"$6,488.30 ",3%,"$1,545.30 ",27.80%,"$183,889.80 ","$24,215.10 ",-50,"21,100"
494,Robert Half International,"$6,461.40 ",26.50%,$598.60 ,95.50%,"$2,952.40 ","$12,638.10 ",25,"14,600"
495,Compass,"$6,421 ",72.60%,($494.10),-,"$1,800.60 ","$3,358.80 ",151,"4,775"
496,Hasbro,"$6,420.40 ",17.50%,$428.70 ,92.70%,"$10,037.80 ","$11,383.60 ",-2,"6,640"
497,Roper Technologies,"$6,415.80 ",16.10%,"$1,152.60 ",21.40%,"$23,713.90 ","$49,868.80 ",-9,"19,300"
498,ARKO,"$6,412.60 ",88.10%,$59.20 ,348.90%,"$2,942.30 ","$1,133.90 ",183,"11,236"
499,Frontier Communications,"$6,411 ",-10.40%,-,-,"$16,481 ","$6,763.10 ",-97,"15,640"
500,Ameren,"$6,394 ",10.40%,$990 ,13.70%,"$35,735 ","$24,198.70 ",-31,"9,116"
501,O-I Glass,"$6,357 ",4.40%,$149 ,-40.20%,"$8,832 ","$2,058 ",-46,"24,000"
502,Chemours,"$6,345 ",27.70%,$608 ,177.60%,"$7,550 ","$5,015 ",25,"6,400"
503,Crown Castle International,"$6,340 ",8.60%,"$1,096 ",3.80%,"$39,040 ","$79,937.30 ",-36,"5,000"
504,Agilent Technologies,"$6,319 ",18.40%,"$1,210 ",68.30%,"$10,705 ","$39,714 ",-2,"17,000"
505,McCormick,"$6,317.90 ",12.80%,$755.30 ,1.10%,"$12,905.80 ","$26,754 ",-23,"14,000"
506,Skechers U.S.A.,"$6,310.20 ",36.80%,$741.50 ,652.30%,"$6,491.30 ","$6,360.40 ",52,"8,950"
507,Watsco,"$6,280.20 ",24.20%,$418.90 ,55.40%,"$3,085.90 ","$11,842.60 ",17,"6,875"
508,Live Nation Entertainment,"$6,268.40 ",236.80%,($650.90),-,"$14,402.30 ","$26,425 ",486,"16,200"
509,Lululemon athletica,"$6,256.60 ",42.10%,$975.30 ,65.60%,"$4,942.50 ","$46,717.80 ",78,"29,000"
510,ABM Industries,"$6,228.60 ",4%,$126.30 ,42000%,"$4,436.20 ","$3,078.70 ",-48,"124,000"
511,Post Holdings,"$6,226.70 ",9.30%,$166.70 ,20737.50%,"$12,414.70 ","$4,284.40 ",-37,"10,735"
512,Moody's,"$6,218 ",15.80%,"$2,214 ",24.50%,"$14,680 ","$62,548.10 ",-12,"13,460"
513,Select Medical Holdings,"$6,204.50 ",12.20%,$402.20 ,55.30%,"$7,360.20 ","$3,208.60 ",-26,"43,200"
514,Alaska Air Group,"$6,176 ",73.20%,$478 ,-,"$13,951 ","$7,314.30 ",147,"21,691"
515,Big Lots,"$6,150.60 ",-0.80%,$177.80 ,-71.70%,"$3,927.30 ",$988.10 ,-66,"23,350"
516,Amkor Technology,"$6,138.30 ",21.50%,$643 ,90.20%,"$6,038.60 ","$5,313 ",9,"30,400"
517,Sinclair Broadcast Group,"$6,134 ",3.20%,($414),-,"$12,541 ","$2,008.10 ",-52,"11,500"
518,RPM International,"$6,106.30 ",10.90%,$502.60 ,65.10%,"$6,253 ","$10,560.80 ",-29,"15,490"
519,M&T Bank,"$6,105.80 ",-2.80%,"$1,858.70 ",37.40%,"$155,107.20 ","$21,875 ",-75,"17,342"
520,Sprouts Farmers Market,"$6,099.90 ",-5.70%,$244.20 ,-15.10%,"$2,923.10 ","$3,546.80 ",-83,"31,000"
521,Huntington Bancshares,"$6,080 ",16.10%,"$1,295 ",58.50%,"$174,064 ","$21,123.40 ",-11,"18,442"
522,CACI International,"$6,044.10 ",5.70%,$457.40 ,42.30%,"$6,172.40 ","$7,051.20 ",-49,"22,000"
523,JetBlue Airways,"$6,037 ",104.20%,($182),-,"$13,642 ","$4,786.90 ",229,"17,459"
524,SVB Financial Group,"$6,027 ",47.70%,"$1,833 ",51.70%,"$211,478 ","$32,901 ",89,"6,567"
525,Fastenal,"$6,010.90 ",6.40%,$925 ,7.70%,"$4,299 ","$34,187.90 ",-46,"18,370"
526,GameStop,"$6,010.70 ",18.10%,($381.30),-,"$3,499.30 ","$12,716.60 ",-5,"22,500"
527,Knight-Swift Transportation Holdings,"$5,998 ",28.30%,$743.40 ,81.30%,"$10,655.50 ","$8,386 ",24,"27,650"
528,Airbnb,"$5,991.80 ",77.40%,($352),-,"$13,708.50 ","$110,419.90 ",160,"6,132"
529,Patterson,"$5,912.10 ",7.70%,$156 ,-,"$2,751.50 ","$3,160 ",-38,"7,800"
530,Penn National Gaming,"$5,905 ",65%,$420.80 ,-,"$16,872.10 ","$7,140.20 ",129,"21,973"
531,ServiceNow,"$5,896 ",30.50%,$230 ,94.10%,"$10,798 ","$111,378 ",39,"16,881"
532,Nasdaq,"$5,886 ",4.60%,"$1,187 ",27.20%,"$20,115 ","$29,298.20 ",-52,"5,814"
533,Brunswick,"$5,846.20 ",34.50%,$593.30 ,59.20%,"$5,425 ","$6,197.30 ",59,"18,582"
534,Resideo Technologies,"$5,846 ",15.30%,$242 ,554.10%,"$5,853 ","$3,455.80 ",-11,"13,300"
535,Chesapeake Energy,"$5,809 ",11.50%,-,-,"$11,009 ","$11,135.90 ",-22,"1,300"
536,Petco Health and Wellness,"$5,807.10 ",18%,$164.40 ,-,"$6,497.90 ","$5,930.20 ",-5,"28,495"
537,Kemper,"$5,793 ",11.30%,($120.50),-129.40%,"$14,916.50 ","$3,606 ",-23,"10,300"
538,Hilton Worldwide Holdings,"$5,788 ",34.40%,$410 ,-,"$15,441 ","$42,356.60 ",58,"142,000"
539,Cerner,"$5,764.80 ",4.70%,$555.60 ,-28.80%,"$7,434.20 ","$27,492.20 ",-49,"25,150"
540,Levi Strauss,"$5,763.90 ",29.50%,$553.50 ,-,"$5,900.10 ","$7,874.70 ",40,"16,600"
541,Tapestry,"$5,746.30 ",15.80%,$834.20 ,-,"$8,382.40 ","$9,807.20 ",-13,"14,250"
542,NetApp,"$5,744 ",6.10%,$730 ,-10.90%,"$9,360 ","$18,470.50 ",-45,"11,000"
543,KB Home,"$5,724.90 ",36.90%,$564.70 ,90.60%,"$5,835.90 ","$2,858.10 ",60,"2,244"
544,Continental Resources,"$5,719.30 ",121.10%,"$1,661 ",-,"$18,591.10 ","$22,342.40 ",274,"1,254"
545,Intuitive Surgical,"$5,710.10 ",31%,"$1,704.60 ",60.70%,"$13,555 ","$108,361.90 ",46,"9,793"
546,Under Armour,"$5,683.50 ",27%,$360.10 ,-,"$4,991.40 ","$7,712.40 ",32,"12,300"
547,MDU Resources Group,"$5,680.70 ",2.70%,$378.10 ,-3.10%,"$8,910.40 ","$5,419.30 ",-61,"12,826"
548,Silgan Holdings,"$5,677.10 ",15.30%,$359.10 ,16.30%,"$7,770.80 ","$5,104.30 ",-18,"15,720"
549,Ryerson Holding,"$5,675.30 ",63.70%,$294.30 ,-,"$2,365.60 ","$1,344.60 ",127,"4,000"
550,Ingersoll Rand,"$5,655.20 ",15.20%,$562.50 ,-,"$15,154.50 ","$20,541.20 ",-17,"16,000"
551,Hologic,"$5,632.30 ",49.10%,"$1,871.50 ",67.80%,"$8,919.90 ","$19,305.10 ",90,"6,705"
552,Electronic Arts,"$5,629 ",1.70%,$837 ,-72.50%,"$13,288 ","$35,577.40 ",-67,"11,000"
553,Zebra Technologies,"$5,627 ",26.50%,$837 ,66.10%,"$6,215 ","$21,959.10 ",28,"9,800"
554,Coty,"$5,616.20 ",-16.60%,($201.30),-,"$13,691.40 ","$7,540.60 ",-128,"11,430"
555,Schneider National,"$5,608.70 ",23.20%,$405.40 ,91.50%,"$3,937.30 ","$4,551.60 ",10,"17,050"
556,Sonoco Products,"$5,590.40 ",6.70%,($85.50),-141.20%,"$5,073.20 ","$6,099.10 ",-45,"20,500"
557,Concentrix,"$5,587 ",-,$405.60 ,-,"$5,046.40 ","$8,605.20 ",-,"290,000"
558,Evergy,"$5,586.70 ",13.70%,$879.70 ,42.30%,"$28,520.50 ","$15,512.70 ",-26,"4,930"
559,Cornerstone Building Brands,"$5,583.10 ",20.90%,$665.90 ,-,"$5,827.50 ","$3,088.70 ",-2,"21,700"
560,Coca-Cola Consolidated,"$5,562.70 ",11.10%,$189.60 ,9.90%,"$3,445.60 ","$4,657.30 ",-34,"15,050"
561,Greif,"$5,556.10 ",23.10%,$390.70 ,259.10%,"$5,815.80 ","$3,134 ",11,"16,000"
562,Vulcan Materials,"$5,552.20 ",14.30%,$670.80 ,14.80%,"$13,682.60 ","$24,412.70 ",-23,"11,912"
563,Ametek,"$5,546.50 ",22.20%,$990.10 ,13.50%,"$11,898.20 ","$30,787.30 ",3,"18,500"
564,Monster Beverage,"$5,541.40 ",20.50%,"$1,377.50 ",-2.30%,"$7,804.80 ","$42,295.80 ",-2,"3,775"
565,Sealed Air,"$5,533.80 ",12.90%,$506.80 ,0.80%,"$6,229.30 ","$9,920.70 ",-31,"16,500"
566,NOV,"$5,524 ",-9.30%,($250),-,"$9,550 ","$7,700.20 ",-109,"27,043"
567,Las Vegas Sands,"$5,505 ",52.40%,($961),-,"$20,059 ","$29,696.40 ",87,"44,600"
568,Martin Marietta Materials,"$5,493.20 ",16.10%,$702.50 ,-2.60%,"$14,393 ","$24,015.10 ",-22,"10,000"
569,Marathon Oil,"$5,467 ",77.20%,$946 ,-,"$16,994 ","$18,349.50 ",164,"1,531"
570,Mattel,"$5,457.70 ",19.10%,$903 ,613.10%,"$6,393.90 ","$7,823.30 ",-7,"36,300"
571,Microchip Technology,"$5,438.40 ",3.10%,$349.40 ,-38.80%,"$16,478.80 ","$41,777.10 ",-66,"19,500"
572,Harley-Davidson,"$5,336.30 ",31.60%,$650 ,49978.90%,"$11,051.10 ","$6,062.90 ",42,"5,800"
573,Telephone & Data Systems,"$5,329 ",2%,$156 ,-31%,"$13,493 ","$2,163.40 ",-61,"8,800"
574,ADT,"$5,307.10 ",-0.10%,($340.80),-,"$16,894.40 ","$6,843 ",-70,"25,000"
575,First Republic Bank,"$5,305 ",17.70%,"$1,478 ",38.90%,"$181,087 ","$29,113.60 ",-1,"6,295"
576,Warner Music Group,"$5,301 ",18.80%,$304 ,-,"$7,211 ","$19,485.70 ",3,"5,900"
577,Pool,"$5,295.60 ",34.50%,$650.60 ,77.40%,"$3,230.10 ","$16,967.10 ",47,"5,650"
578,Old Dominion Freight Line,"$5,256.30 ",30.90%,"$1,034.40 ",53.80%,"$4,821.50 ","$34,307.50 ",41,"23,663"
579,Fortive,"$5,254.70 ",13.40%,$608.40 ,-62.30%,"$16,465.50 ","$21,877.90 ",-23,"18,000"
580,MDC Holdings,"$5,254.70 ",34.70%,$573.70 ,56.10%,"$4,963.50 ","$2,692.70 ",49,"2,080"
581,NGL Energy Partners,"$5,243.20 ",-73.50%,($639.80),-,"$5,947.30 ",$288.60 ,-430,997
582,Edwards Lifesciences,"$5,232.50 ",19.30%,"$1,503.10 ",82.50%,"$8,502.60 ","$73,141.40 ",7,"15,700"
583,Hanover Insurance Group,"$5,227.80 ",8.30%,$418.70 ,16.70%,"$14,254.30 ","$5,317.90 ",-41,"4,400"
584,Syneos Health,"$5,213 ",18.10%,$234.80 ,21.80%,"$8,237.10 ","$8,436.70 ",2,"27,443"
585,Xylem,"$5,195 ",6.50%,$427 ,68.10%,"$8,276 ","$15,354.70 ",-47,"16,700"
586,Church & Dwight,"$5,190.10 ",6%,$827.50 ,5.30%,"$7,996.50 ","$24,119.10 ",-51,"5,100"
587,American Axle & Manufacturing,"$5,156.60 ",9.50%,$5.90 ,-,"$5,635.70 ",$888.30 ,-40,"18,000"
588,Meritage Homes,"$5,141.30 ",14.20%,$737.40 ,74.10%,"$4,807.50 ","$2,907.30 ",-11,"1,773"
589,Workday,"$5,138.80 ",19%,$29.40 ,-,"$10,498.50 ","$60,583.40 ",5,"15,200"
590,Rush Enterprises,"$5,126.10 ",8.20%,$241.40 ,110.10%,"$3,120 ","$2,788.50 ",-45,"7,141"
591,Yellow,"$5,121.80 ",13.50%,($109.10),-,"$2,425.60 ",$360.30 ,-18,"32,000"
592,Encompass Health,"$5,121.60 ",10.30%,$412.20 ,45%,"$6,864.90 ","$7,071.10 ",-38,"35,681"
593,Simon Property Group,"$5,116.80 ",11.10%,"$2,249.60 ",102.20%,"$33,777.40 ","$43,197.80 ",-33,"2,850"
594,Globe Life,"$5,112.90 ",7.90%,$745 ,1.80%,"$29,768 ","$9,977.30 ",-50,"3,222"
595,Skyworks Solutions,"$5,109.10 ",52.30%,"$1,498.30 ",83.90%,"$8,590.70 ","$21,547.50 ",95,"10,945"
596,Endeavor Group Holdings,"$5,077.70 ",46%,($296.60),-,"$11,434.50 ","$20,363.10 ",78,"7,700"
597,Twitter,"$5,077.50 ",36.60%,($221.40),-,"$14,059.50 ","$30,976.80 ",50,"7,500"
598,Leggett & Platt,"$5,072.60 ",18.50%,$402.40 ,62.50%,"$5,307.30 ","$4,659 ",-,"20,300"
599,Western Union,"$5,070.80 ",4.90%,$805.80 ,8.30%,"$8,823.50 ","$7,374.70 ",-58,"10,500"
600,PerkinElmer,"$5,067.20 ",34%,$943.20 ,29.60%,"$15,000.60 ","$22,009.40 ",39,"16,700"
601,SS&C Technologies Holdings,"$5,051 ",8.20%,$800 ,28%,"$17,333 ","$19,235.10 ",-49,"24,900"
602,CUNA Mutual Group,"$5,049.50 ",24.70%,$622.30 ,327.70%,"$44,345 ",-,13,"4,100"
603,FMC,"$5,045.20 ",8.70%,$736.50 ,33.50%,"$10,581.30 ","$16,563.80 ",-48,"6,400"
604,Carlisle,"$5,030 ",18.50%,$421.70 ,31.70%,"$7,246.80 ","$12,804.50 ",-5,"11,250"
605,American Eagle Outfitters,"$5,010.80 ",33.30%,$419.60 ,-,"$3,786.60 ","$2,836.60 ",37,"24,000"
606,Core & Main,"$5,004 ",37.40%,$166 ,348.60%,"$4,434 ","$5,948.80 ",-,"4,100"
607,Vertiv Holdings,"$4,998.10 ",14.40%,$119.60 ,-,"$6,939.60 ","$5,263.90 ",-17,"24,000"
608,Broadridge Financial Solutions,"$4,993.70 ",10.30%,$547.50 ,18.40%,"$8,119.80 ","$18,182.70 ",-40,"13,704"
609,Ingles Markets,"$4,987.90 ",8.20%,$249.70 ,39.80%,"$2,018.30 ","$1,691.40 ",-50,"18,460"
610,TPG,"$4,976.40 ",135.30%,"$2,180.90 ",198.10%,"$8,962 ","$9,304.90 ",-,"1,013"
611,Insperity,"$4,973.10 ",16%,$124.10 ,-10.20%,"$1,753.10 ","$3,849.80 ",-14,"3,600"
612,Howmet Aerospace,"$4,972 ",-5.50%,$258 ,-1.10%,"$10,219 ","$15,055.40 ",-105,"19,900"
613,R.R. Donnelley & Sons,"$4,963.70 ",-8.10%,$3.70 ,-96.20%,"$3,131.40 ",-,-114,"32,000"
614,Keysight Technologies,"$4,941 ",17.10%,$894 ,42.60%,"$7,781 ","$28,746.60 ",-13,"14,300"
615,Tempur Sealy International,"$4,930.80 ",34.10%,$624.50 ,79%,"$4,323.40 ","$4,997.70 ",37,"12,000"
616,Scotts Miracle-Gro,"$4,925 ",19.20%,$512.50 ,32.30%,"$4,800 ","$6,834.60 ",-9,"8,050"
617,Equifax,"$4,923.90 ",19.30%,$744.20 ,43.10%,"$11,040.90 ","$29,141.80 ",-9,"12,700"
618,Kelly Services,"$4,909.70 ",8.70%,$156.10 ,-,"$2,894.20 ",$856 ,-47,"7,400"
619,NiSource,"$4,899.60 ",4.70%,$584.90 ,-,"$24,156.90 ","$12,891.20 ",-70,"7,307"
620,OneMain Holdings,"$4,895 ",-,"$1,314 ",80%,"$22,079 ","$6,042.80 ",-84,"8,800"
621,DoorDash,"$4,888 ",69.40%,($468),-,"$6,809 ","$40,830.30 ",148,"8,600"
622,Avient,"$4,818.80 ",48.60%,$230.80 ,75.40%,"$4,997.20 ","$4,388.40 ",80,"8,700"
623,Sanderson Farms,"$4,799.70 ",34.70%,$455.10 ,1509.60%,"$2,345 ","$4,185.40 ",39,"17,662"
624,TransDigm Group,"$4,798 ",-7.40%,$680 ,-2.70%,"$19,315 ","$36,135.80 ",-108,"13,300"
625,Stifel Financial,"$4,783.10 ",25.30%,$824.90 ,63.80%,"$34,049.70 ","$7,226 ",8,"8,600"
626,JELD-WEN Holding,"$4,771.70 ",12.70%,$168.80 ,84.30%,"$3,738.70 ","$1,826 ",-26,"24,700"
627,Ares Management,"$4,770.60 ",122.80%,$408.80 ,168.70%,"$21,605.20 ","$23,821.10 ",-,"2,100"
628,Elanco Animal Health,"$4,765 ",45.60%,($472),-,"$16,483 ","$12,345.40 ",71,"9,800"
629,Prologis,"$4,759.40 ",7.20%,"$2,939.70 ",98.40%,"$58,486.20 ","$119,524.50 ",-45,"2,053"
630,Welltower,"$4,742.10 ",3%,$336.10 ,-65.70%,"$34,910.30 ","$43,001.50 ",-69,464
631,Darling Ingredients,"$4,741.40 ",32.70%,$650.90 ,119.30%,"$6,133.70 ","$12,987.40 ",29,"9,900"
632,Juniper Networks,"$4,735.40 ",6.50%,$252.70 ,-2%,"$8,887 ","$11,986.60 ",-50,"10,191"
633,Gartner,"$4,734 ",15.50%,$793.60 ,197.50%,"$7,416.30 ","$24,477.20 ",-21,"16,600"
634,Par Pacific Holdings,"$4,710.10 ",50.70%,($81.30),-,"$2,570.30 ",$783.30 ,91,"1,336"
635,Hubbell,"$4,703.50 ",12.40%,$399.50 ,13.80%,"$5,281.50 ","$9,959.60 ",-33,"18,300"
636,CME Group,"$4,689.70 ",-4%,"$2,636.40 ",25.20%,"$196,780.30 ","$85,492.30 ",-99,"3,480"
637,Nexstar Media Group,"$4,648.40 ",3.30%,$834.60 ,2.90%,"$13,264.50 ","$7,728.30 ",-61,"11,817"
638,Tutor Perini,"$4,641.80 ",-12.70%,$91.90 ,-15.20%,"$4,724.90 ",$551.80 ,-135,"7,800"
639,Antero Resources,"$4,619.40 ",32.30%,($186.90),-,"$13,896.50 ","$9,608 ",33,519
640,Teledyne Technologies,"$4,614.30 ",49.50%,$445.30 ,10.80%,"$14,430.30 ","$22,102.90 ",92,"14,500"
641,Snap-on,"$4,601.70 ",16.70%,$820.50 ,30.90%,"$6,759.70 ","$10,976.10 ",-18,"12,800"
642,Rent-A-Center,"$4,583.50 ",62.90%,$134.90 ,-35.20%,"$2,993.30 ","$1,486.90 ",138,"14,290"
643,Covetrus,"$4,575 ",5.40%,($54),-,"$3,410 ","$2,319.30 ",-50,"4,873"
644,Crestwood Equity Partners,"$4,569 ",102.70%,($78.50),-,"$4,445.70 ","$2,931.50 ",260,645
645,Louisiana-Pacific,"$4,553 ",63.30%,"$1,377 ",176%,"$2,194 ","$5,344.10 ",142,"4,800"
646,Urban Outfitters,"$4,548.80 ",31.90%,$310.60 ,25030.70%,"$3,791.30 ","$2,421.40 ",32,"16,330"
647,Penn Mutual Life Insurance,"$4,545.60 ",22.80%,$522.90 ,82.20%,"$44,190.90 ",-,2,"3,194"
648,Amerco,"$4,542 ",14.20%,$610.90 ,38.20%,"$14,651.60 ","$11,704.70 ",-28,"22,052"
649,TriNet Group,"$4,540 ",12.50%,$338 ,24.30%,"$3,309 ","$6,482.50 ",-31,"2,800"
650,Sentry Insurance Group,"$4,526.20 ",26.20%,$739.90 ,266.70%,"$23,880.50 ",-,8,"4,064"
651,Illumina,"$4,526 ",39.70%,$762 ,16.20%,"$15,217 ","$54,855.80 ",55,"10,775"
652,Iron Mountain,"$4,491.50 ",8.30%,$450.20 ,31.40%,"$14,450 ","$16,059.50 ",-47,"25,000"
653,LCI Industries,"$4,472.70 ",60%,$287.70 ,81.60%,"$3,288.10 ","$2,624.50 ",131,"13,900"
654,Marvell Technology,"$4,462.40 ",50.30%,($421),-,"$22,108.60 ","$60,795.70 ",-,"6,712"
655,PennyMac Financial Services,"$4,450.20 ",-1.90%,"$1,003.50 ",-39.10%,"$18,776.60 ","$2,948.50 ",-88,"7,208"
656,Digital Realty Trust,"$4,427.90 ",13.40%,"$1,709.30 ",379.60%,"$36,369.60 ","$40,337.70 ",-29,"3,030"
657,TreeHouse Foods,"$4,405.50 ",-3.60%,($12.50),-190.60%,"$5,207 ","$1,800 ",-93,"10,000"
658,Ralph Lauren,"$4,400.80 ",-28.60%,($121.10),-131.50%,"$7,887.50 ","$8,073.20 ",-208,"16,200"
659,Mattress Firm Group,"$4,392.90 ",34.90%,($165.10),-231.40%,"$3,539.10 ",-,-,"8,900"
660,American National Group,"$4,391.80 ",15.80%,$699.30 ,49.60%,"$31,320.30 ","$5,084.10 ",-24,"4,545"
661,Autodesk,"$4,386.40 ",15.70%,$497 ,-58.90%,"$8,606.80 ","$46,580 ",-24,"12,600"
662,Domino's Pizza,"$4,357.40 ",5.80%,$510.50 ,3.90%,"$1,671.80 ","$14,665.90 ",-52,"10,450"
663,ASGN,"$4,333.80 ",9.70%,$409.90 ,104.60%,"$3,502.80 ","$6,022.20 ",-41,"3,900"
664,Flowers Foods,"$4,330.80 ",-1.30%,$206.20 ,35.40%,"$3,253.30 ","$5,438.60 ",-76,"8,900"
665,BlueLinx Holdings,"$4,277.20 ",38.10%,$296.10 ,266.10%,"$1,317.50 ",$699.50 ,62,"2,045"
666,Palo Alto Networks,"$4,256.10 ",24.90%,($498.90),-,"$10,241.60 ","$61,307.50 ",16,"10,473"
667,Maximus,"$4,254.50 ",22.90%,$291.20 ,35.80%,"$4,119 ","$4,641.10 ",10,"35,800"
668,Dentsply Sirona,"$4,251 ",27.20%,$421 ,-,"$9,220 ","$10,708 ",23,"15,000"
669,Hub Group,"$4,232.40 ",21.10%,$171.50 ,133.10%,"$2,437.30 ","$2,678.50 ",2,"4,700"
670,Voya Financial,"$4,230 ",-53.70%,"$2,126 ",-,"$171,262 ","$7,042.20 ",-338,"5,970"
670,Bread Financial Holdings,"$4,230 ",-6.40%,$801 ,274.80%,"$21,746 ","$2,804.60 ",-101,"6,000"
672,Weis Markets,"$4,224.40 ",2.70%,$108.80 ,-8.50%,"$1,910.50 ","$1,921.10 ",-61,"24,000"
673,Century Communities,"$4,216.30 ",33.40%,$498.50 ,141.80%,"$3,496.90 ","$1,783.20 ",44,"1,600"
674,Synopsys,"$4,204.20 ",14.10%,$757.50 ,14%,"$8,752.30 ","$51,023.20 ",-23,"16,361"
675,Brink's,"$4,200.20 ",13.80%,$105.20 ,557.50%,"$5,566.70 ","$3,234.40 ",-25,"73,350"
676,Lennox International,"$4,194.10 ",15.40%,$464 ,30.20%,"$2,171.90 ","$9,447.20 ",-23,"11,000"
677,Service Corp. International,"$4,143.10 ",18%,$802.90 ,55.60%,"$15,691.20 ","$10,581.30 ",-7,"20,840"
678,Conduent,"$4,140 ",-0.60%,($28),-,"$4,036 ","$1,111.60 ",-74,"60,000"
679,Timken,"$4,132.90 ",17.60%,$369.10 ,29.70%,"$5,170.70 ","$4,539.60 ",-10,"18,029"
680,Domtar,"$4,132 ",-11.10%,($27),-,"$4,854 ",-,-127,"6,100"
681,Bloomin' Brands,"$4,122.40 ",30%,$215.60 ,-,"$3,294.30 ","$1,966.60 ",33,"82,000"
682,CNO Financial Group,"$4,122.20 ",7.90%,$441 ,46.10%,"$36,204.40 ","$2,945.70 ",-50,"3,350"
683,Snap,"$4,117 ",64.20%,($488),-,"$7,536.30 ","$58,458.40 ",156,"5,661"
684,Zoom Video Communications,"$4,099.90 ",54.60%,"$1,375.60 ",104.60%,"$7,551.30 ","$35,066.30 ",126,"6,787"
685,Patrick Industries,"$4,078.10 ",64%,$224.90 ,131.70%,"$2,650.70 ","$1,408.20 ",159,"11,000"
686,Paychex,"$4,056.80 ",0.40%,"$1,097.50 ",-0.10%,"$9,227.20 ","$49,268 ",-69,"15,000"
687,Atlas Air Worldwide Holdings,"$4,030.80 ",25.50%,$493.30 ,36.90%,"$6,443.20 ","$2,523.40 ",21,"4,056"
688,Bright Health Group,"$4,029.40 ",233.70%,"($1,184.90)",-,"$3,598.30 ","$1,213.50 ",-,"3,203"
689,Peloton Interactive,"$4,021.80 ",120.30%,($189),-,"$4,485.60 ","$8,760.90 ",-,"8,662"
690,Country Financial,"$4,016.20 ",65.30%,$419.20 ,47.40%,"$16,327.20 ",-,164,"3,149"
691,Qorvo,"$4,015.30 ",24%,$733.60 ,119.40%,"$7,221.50 ","$13,456.40 ",14,"8,750"
692,Catalent,"$3,998 ",29.20%,$585 ,165.10%,"$9,112 ","$19,862.70 ",36,"17,300"
693,Mercury General,"$3,993.40 ",5.50%,$247.90 ,-33.80%,"$6,772.50 ","$3,045.40 ",-55,"4,300"
694,AMN Healthcare Services,"$3,984.20 ",66.40%,$327.40 ,363.30%,"$3,131.90 ","$4,796.10 ",168,"3,800"
695,Tri Pointe Homes,"$3,982.20 ",22.10%,$469.30 ,66.30%,"$4,336.20 ","$2,160.10 ",5,"1,390"
696,ArcBest,"$3,980.10 ",35.40%,$213.50 ,200.30%,"$2,112.70 ","$1,979.70 ",59,"14,000"
697,Toro,"$3,959.60 ",17.20%,$409.90 ,24.30%,"$2,936.10 ","$8,936.90 ",-10,"10,982"
698,Spirit AeroSystems Holdings,"$3,953 ",16.10%,($540.80),-,"$7,737.30 ","$5,130.60 ",-14,"16,100"
699,Align Technology,"$3,952.60 ",59.90%,$772 ,-56.50%,"$5,942.10 ","$34,354.80 ",151,"22,540"
700,loanDepot,"$3,943.20 ",-11.30%,$113.50 ,-94.40%,"$11,812.30 ","$1,290.30 ",-117,"11,307"
701,APi Group,"$3,940 ",9.80%,$47 ,-,"$5,159 ","$4,891.10 ",-45,"13,300"
702,American Water Works,"$3,930 ",4.10%,"$1,263 ",78.10%,"$26,075 ","$30,085.50 ",-62,"6,400"
703,Matson,"$3,925.30 ",64.70%,$927.40 ,380.30%,"$3,693.10 ","$4,927.50 ",163,"4,259"
704,Diebold Nixdorf,"$3,905.20 ",0.10%,($78.80),-,"$3,507.20 ",$531.20 ,-76,"22,000"
705,Marriott Vacations Worldwide,"$3,890 ",34.80%,$49 ,-,"$9,613 ","$6,620 ",64,"20,300"
706,Terex,"$3,886.80 ",26.10%,$220.90 ,-,"$2,863.50 ","$2,485.50 ",29,"8,600"
707,Sally Beauty Holdings,"$3,875 ",10.30%,$239.90 ,111.80%,"$2,847.10 ","$1,720.50 ",-39,"29,000"
708,Enovis,"$3,854.30 ",25.50%,$71.70 ,68.10%,"$8,515.30 ","$6,419.30 ",29,"16,200"
709,IAC/InterActiveCorp,"$3,845.10 ",26.20%,$597.50 ,121.50%,"$12,300.30 ","$9,001.40 ",31,"13,200"
710,Meritor,"$3,833 ",25.90%,$199 ,-18.80%,"$2,938 ","$2,519.40 ",32,"9,600"
711,Ventas,"$3,828 ",0.90%,$49 ,-88.80%,"$24,717.80 ","$24,676.20 ",-77,434
712,GoDaddy,"$3,815.70 ",15%,$242.30 ,-,"$7,417.10 ","$14,018.70 ",-15,"6,611"
713,Regal Rexnord,"$3,810.30 ",31.10%,$209.90 ,10.90%,"$10,281.60 ","$10,002.10 ",50,"30,000"
714,Puget Energy,"$3,805.70 ",14.40%,$260.80 ,42.80%,"$15,871.90 ",-,-19,"3,185"
715,Clean Harbors,"$3,805.60 ",21%,$203.20 ,50.70%,"$5,653.70 ","$6,073.80 ",6,"18,300"
716,Pinnacle West Capital,"$3,803.80 ",6%,$618.70 ,12.40%,"$22,003.20 ","$8,820 ",-59,"5,872"
717,eXp World Holdings,"$3,771.20 ",109.70%,$81.20 ,160.90%,$413.80 ,"$3,149.30 ",-,"1,669"
718,Mueller Industries,"$3,769.30 ",57.20%,$468.50 ,235.90%,"$1,728.90 ","$3,100.40 ",143,"5,337"
719,Wynn Resorts,"$3,763.70 ",79.60%,($755.80),-,"$12,530.80 ","$9,243.30 ",221,"26,950"
720,RH,"$3,758.80 ",32%,$688.50 ,153.30%,"$5,540.50 ","$7,079 ",57,"6,100"
721,EPAM Systems,"$3,758.10 ",41.30%,$481.70 ,47.20%,"$3,523.20 ","$16,870.70 ",87,"58,824"
722,M/I Homes,"$3,745.90 ",23%,$396.90 ,65.40%,"$3,239.90 ","$1,262.20 ",19,"1,657"
723,Generac Holdings,"$3,737.20 ",50.40%,$550.50 ,57%,"$4,877.80 ","$18,960.30 ",122,"9,248"
724,Mettler-Toledo International,"$3,717.90 ",20.50%,$769 ,27.60%,"$3,326.80 ","$31,220.30 ",10,"16,700"
725,Abercrombie & Fitch,"$3,712.80 ",18.80%,$263 ,-,"$2,939.50 ","$1,619.50 ",-1,"19,250"
726,Teradyne,"$3,702.90 ",18.60%,"$1,014.60 ",29.40%,"$3,809.40 ","$19,202.60 ",-,"5,900"
727,American Equity Investment Life Holding,"$3,689.50 ",52.20%,$474 ,-29.40%,"$78,349.10 ","$3,869.20 ",130,850
728,Southwest Gas Holdings,"$3,680.50 ",11.60%,$200.80 ,-13.60%,"$12,765.30 ","$5,233.60 ",-30,"12,720"
729,Pitney Bowes,"$3,673.60 ",3.40%,($1.40),-,"$4,958.90 ",$900.10 ,-65,"11,500"
730,Lamb Weston Holdings,"$3,670.90 ",-3.20%,$317.80 ,-13.10%,"$4,209.40 ","$8,699.10 ",-95,"7,800"
731,Alliant Energy,"$3,669 ",7.40%,$659 ,7.30%,"$18,553 ","$15,670.60 ",-51,"3,313"
732,Resolute Forest Products,"$3,664 ",30.90%,$307 ,2970%,"$3,538 ",$991.70 ,51,"6,900"
733,Parsons,"$3,660.80 ",-6.60%,$64.10 ,-35%,"$3,830.90 ","$4,012 ",-108,"15,500"
734,Trimble,"$3,659.10 ",16.20%,$492.70 ,26.40%,"$7,099.60 ","$18,122.70 ",-14,"11,931"
735,OGE Energy,"$3,653.70 ",72.20%,$737.30 ,-,"$12,606.40 ","$8,164.20 ",198,"2,185"
736,Garrett Motion,"$3,633 ",19.70%,-,-,"$2,706 ",$463.90 ,7,"7,600"
737,Winnebago Industries,"$3,629.80 ",54.10%,$281.90 ,358.80%,"$2,062.60 ","$1,770.90 ",140,"6,532"
738,Ciena,"$3,620.70 ",2.50%,$500.20 ,38.40%,"$4,865.20 ","$9,223.40 ",-72,"7,205"
739,PriceSmart,"$3,619.90 ",8.70%,$98 ,25.40%,"$1,705.80 ","$2,434.10 ",-45,"10,400"
740,Advantage Solutions,"$3,602.30 ",14.20%,$54.50 ,-,"$5,854.30 ","$2,029.60 ",-22,"45,000"
741,H&R Block,"$3,588.60 ",35.90%,$683.90 ,-,"$4,014.40 ","$4,284.60 ",70,"38,000"
742,iHeartMedia,"$3,558.30 ",20.70%,($159.20),-,"$8,881.30 ","$2,728.10 ",11,"9,990"
743,Super Micro Computer,"$3,557.40 ",6.50%,$111.90 ,32.70%,"$2,242 ","$1,963 ",-50,"4,155"
744,Flowserve,"$3,541.10 ",-5%,$125.90 ,-3.40%,"$4,749.80 ","$4,681.40 ",-101,"16,000"
745,Charles River Laboratories International,"$3,540.20 ",21.10%,$391 ,7.30%,"$7,024.30 ","$14,425.40 ",15,"19,300"
746,A.O. Smith,"$3,538.90 ",22.20%,$487.10 ,41.20%,"$3,474.40 ","$10,032.20 ",21,"13,700"
747,New Residential Investment,"$3,533.10 ",512.80%,$772.20 ,-,"$39,742.20 ","$5,125 ",-,"12,296"
748,Medical Mutual of Ohio,"$3,514.80 ",-0.30%,$78.30 ,-22%,"$2,646.40 ",-,-81,"2,834"
749,Granite Construction,"$3,501.90 ",-1.70%,$10.10 ,-,"$2,494.90 ","$1,504.70 ",-86,"2,600"
750,Valmont Industries,"$3,501.60 ",20.90%,$195.60 ,39%,"$3,447.20 ","$5,083.40 ",16,"11,041"
751,Sprague Resources,"$3,498.20 ",49.80%,($68.90),-303.80%,"$1,418.30 ",$433.70 ,135,757
752,Primoris Services,"$3,497.60 ",0.20%,$115.60 ,10.10%,"$2,543.30 ","$1,269.80 ",-79,"10,810"
753,Cboe Global Markets,"$3,494.80 ",2%,$529 ,13%,"$6,814.50 ","$12,148.20 ",-74,"1,196"
754,Carter's,"$3,486.40 ",15.30%,$339.70 ,209.70%,"$3,201.80 ","$3,763.40 ",-9,"15,900"
755,TopBuild,"$3,486.20 ",28.30%,$324 ,31.20%,"$4,258.50 ","$5,987.10 ",40,"13,006"
756,SiteOne Landscape Supply,"$3,475.70 ",28.50%,$238.40 ,96.50%,"$2,116.10 ","$7,255.50 ",46,"5,475"
757,Texas Roadhouse,"$3,463.90 ",44.40%,$245.30 ,684.80%,"$2,512 ","$5,787.80 ",103,"73,300"
758,Akamai Technologies,"$3,461.20 ",8.20%,$651.60 ,17%,"$8,138.70 ","$19,210 ",-47,"8,700"
759,Acuity Brands,"$3,461 ",4%,$306.30 ,23.40%,"$3,575.10 ","$6,628.90 ",-63,"13,000"
759,Brown-Forman,"$3,461 ",2.90%,$903 ,9.20%,"$6,522 ","$31,376.60 ",-70,"4,700"
761,Navient,"$3,454 ",-7.30%,$717 ,74%,"$80,605 ","$2,592.30 ",-117,"5,263"
762,Coterra Energy,"$3,449 ",135.20%,"$1,158 ",477.50%,"$19,900 ","$21,872.10 ",-,936
763,Option Care Health,"$3,438.60 ",13.40%,$139.90 ,-,"$2,790.90 ","$5,139 ",-19,"6,334"
764,Floor & Decor Holdings,"$3,433.50 ",41.50%,$283.20 ,45.30%,"$3,730.70 ","$8,573.80 ",92,"9,276"
765,Public Storage,"$3,415.80 ",17.20%,"$1,953.30 ",43.90%,"$17,380.90 ","$68,438.20 ",-3,"5,800"
766,Cabot,"$3,409 ",30.40%,$250 ,-,"$3,306 ","$3,871.10 ",47,"4,500"
767,Crane Holdings,"$3,408 ",16%,$435.40 ,140.60%,"$4,486.60 ","$6,158.90 ",-10,"11,000"
768,Atmos Energy,"$3,407.50 ",20.80%,$665.60 ,10.70%,"$19,608.70 ","$16,182.80 ",10,"4,684"
769,Selective Insurance Group,"$3,379.20 ",15.60%,$403.80 ,63.90%,"$10,461.40 ","$5,391.50 ",-8,"2,440"
770,Take-Two Interactive Software,"$3,372.80 ",9.20%,$588.90 ,45.60%,"$6,028.20 ","$17,744.10 ",-40,"6,495"
771,Boyd Gaming,"$3,369.80 ",54.70%,$463.80 ,-,"$6,224.20 ","$7,234 ",145,"15,114"
772,Plexus,"$3,368.90 ",-0.60%,$138.90 ,18.20%,"$2,461.90 ","$2,298.60 ",-87,"19,200"
773,ScanSource,"$3,364.20 ",-6.80%,$10.80 ,-,"$1,671.70 ",$890.80 ,-118,"2,200"
774,Franchise Group,"$3,362.70 ",56.20%,$363.80 ,1351.40%,"$3,913.20 ","$1,669.60 ",150,"11,895"
775,NLV Financial,"$3,350.80 ",30.20%,$392.10 ,102.50%,"$41,942.40 ",-,48,"1,157"
776,CrossAmerica Partners,"$3,350.50 ",87.10%,$21.70 ,-79.80%,"$1,270.10 ",$826.50 ,-,"2,218"
777,Mr. Cooper Group,"$3,344 ",22.40%,"$1,454 ",376.70%,"$14,204 ","$3,369.40 ",15,"8,200"
778,Fortinet,"$3,342.20 ",28.80%,$606.80 ,24.20%,"$5,919.10 ","$54,957.10 ",38,"10,195"
779,Brinker International,"$3,337.80 ",8.40%,$131.60 ,439.30%,"$2,274.90 ","$1,701.90 ",-43,"59,491"
780,Albemarle,"$3,328 ",6.40%,$123.70 ,-67.10%,"$10,974.10 ","$25,899.40 ",-57,"6,000"
781,Peabody Energy,"$3,318.30 ",15.20%,$360.10 ,-,"$4,949.80 ","$3,391.50 ",-9,"4,900"
782,Light & Wonder,"$3,310 ",21.50%,$371 ,-,"$7,883 ","$5,679.70 ",12,"5,600"
783,Evercore,"$3,307.10 ",44.70%,$740.10 ,111.10%,"$3,802.70 ","$4,275.10 ",116,"1,940"
784,Stewart Information Services,"$3,305.80 ",44.50%,$323.20 ,108.70%,"$2,813.40 ","$1,635.10 ",114,"7,300"
785,Central Garden & Pet,"$3,303.70 ",22.60%,$151.70 ,25.70%,"$3,116.70 ","$2,286.50 ",19,"6,750"
786,GMS,"$3,298.80 ",1.80%,$105.60 ,351.50%,"$2,483.90 ","$2,142.10 ",-83,"5,843"
787,H.B. Fuller,"$3,278 ",17.50%,$161.40 ,30.50%,"$4,274.50 ","$3,505.20 ",-1,"6,500"
788,Middleby,"$3,250.80 ",29.30%,$488.50 ,135.70%,"$6,383.60 ","$8,961.10 ",49,"10,624"
789,Renewable Energy Group,"$3,244.10 ",51.80%,$213.80 ,74.10%,"$2,558.90 ","$3,056.20 ",139,"1,196"
790,MSC Industrial Direct,"$3,243.20 ",1.60%,$216.90 ,-13.60%,"$2,462.10 ","$4,758.30 ",-78,"6,472"
791,Vishay Intertechnology,"$3,240.50 ",29.50%,$298 ,142.40%,"$3,543.30 ","$2,840.10 ",49,"22,800"
792,Applied Industrial Technologies,"$3,235.90 ",-0.30%,$144.80 ,502.10%,"$2,271.80 ","$3,947.90 ",-91,"5,947"
793,Lincoln Electric Holdings,"$3,234.20 ",21.80%,$276.50 ,34.10%,"$2,592.30 ","$8,079.10 ",16,"11,000"
794,First Horizon,"$3,234 ",-4.60%,$999 ,18.20%,"$89,092 ","$12,542.90 ",-108,"7,676"
795,Spirit Airlines,"$3,230.80 ",78.50%,($472.60),-,"$8,540 ","$2,375.40 ",-,"9,823"
796,AptarGroup,"$3,227.20 ",10.20%,$244.10 ,14%,"$4,141.40 ","$7,702.90 ",-37,"13,000"
797,Citrix Systems,"$3,217.20 ",-0.60%,$307.50 ,-39%,"$6,975.50 ","$12,704.60 ",-90,"9,700"
798,IDEXX Laboratories,"$3,215.40 ",18.80%,$744.80 ,28%,"$2,437.20 ","$46,089.30 ",2,"10,350"
799,Tetra Tech,"$3,213.50 ",7.30%,$232.80 ,33.90%,"$2,576.60 ","$8,906.70 ",-51,"21,000"
800,Lyft,"$3,208.30 ",35.70%,"($1,009.40)",-,"$4,773.90 ","$13,384.60 ",75,"4,453"
801,Gannett,"$3,208.10 ",-5.80%,($135),-,"$2,828.10 ",$643.90 ,-118,"16,300"
802,ResMed,"$3,196.80 ",8.10%,$474.50 ,-23.70%,"$4,728.10 ","$35,463.30 ",-51,"7,970"
803,Designer Brands,"$3,196.60 ",43%,$154.50 ,-,"$2,014.60 ",$991.40 ,104,"13,500"
804,Graham Holdings,"$3,186 ",10.30%,$352.10 ,17.20%,"$7,425.50 ","$3,000.60 ",-36,"15,048"
805,Vroom,"$3,184.30 ",134.50%,($370.90),-,"$2,366.80 ",$364.70 ,-,"1,807"
806,Worthington Industries,"$3,171.40 ",3.70%,$723.80 ,818.60%,"$3,373.20 ","$2,537.80 ",-68,"9,000"
807,Calumet Specialty Products Partners,"$3,148 ",38.80%,($260.10),-,"$2,127.90 ","$1,070.80 ",96,"1,450"
808,Xilinx,"$3,147.60 ",-0.50%,$646.50 ,-18.40%,"$5,519.20 ",-,-92,"4,890"
809,TransUnion,"$3,145 ",15.80%,"$1,387.10 ",304.20%,"$12,635 ","$19,882.60 ",-13,"10,200"
810,Travel + Leisure,"$3,134 ",45.10%,$308 ,-,"$6,588 ","$4,966.20 ",112,"16,800"
811,Callaway Golf,"$3,133.40 ",97.10%,$322 ,-,"$7,747.80 ","$4,337.10 ",-,"24,800"
812,Dycom Industries,"$3,130.50 ",-2.10%,$48.60 ,41.50%,"$2,118.20 ","$2,821 ",-102,"15,024"
813,Columbia Sportswear,"$3,126.40 ",25%,$354.10 ,227.80%,"$3,067.10 ","$5,840.40 ",28,"8,325"
814,II-VI,"$3,105.90 ",30.50%,$297.60 ,-,"$6,512.70 ","$7,708.20 ",54,"22,961"
815,Change Healthcare,"$3,090.40 ",1470.40%,($112.20),-,"$10,112.60 ","$6,799.30 ",-,"15,000"
816,Grocery Outlet Holding,"$3,079.60 ",-1.80%,$62.30 ,-41.60%,"$2,669.80 ","$3,148 ",-94,875
817,AMC Networks,"$3,077.60 ",9.30%,$250.60 ,4.40%,"$5,748.90 ","$1,721.70 ",-38,"1,883"
818,Hyster-Yale Materials Handling,"$3,075.70 ",9.40%,($173),-566.30%,"$1,970.10 ",$561.20 ,-36,"8,100"
819,ChampionX,"$3,075 ",61.80%,$113.30 ,-,"$3,534.70 ","$4,976.70 ",167,"7,000"
820,Comfort Systems USA,"$3,073.60 ",7.60%,$143.30 ,-4.50%,"$2,209.10 ","$3,200.50 ",-44,"13,200"
821,EQT,"$3,064.70 ",0.20%,"($1,155.80)",-,"$21,607.40 ","$12,955.40 ",-82,693
822,Brown & Brown,"$3,051.40 ",16.80%,$587.10 ,22.20%,"$9,795.40 ","$20,395.70 ",-8,"12,023"
823,LGI Homes,"$3,050.10 ",28.80%,$429.60 ,32.60%,"$2,351.90 ","$2,322.40 ",50,952
824,Hyatt Hotels,"$3,028 ",46.60%,($222),-,"$12,603 ","$10,498.30 ",122,"44,000"
825,Comerica,"$3,024 ",-2.30%,"$1,168 ",146.40%,"$94,616 ","$11,854.40 ",-96,"7,442"
826,Energizer Holdings,"$3,021.50 ",5.60%,$160.90 ,-,"$5,007.50 ","$2,191.70 ",-51,"6,000"
827,Hill-Rom Holdings,"$3,018.70 ",4.80%,$248.50 ,11.40%,"$4,999.10 ",-,-54,"10,000"
828,Rackspace Technology,"$3,009.50 ",11.20%,($218.30),-,"$6,328.70 ","$2,365.60 ",-29,"6,600"
829,Verisk Analytics,"$2,998.60 ",7.70%,$666.20 ,-6.50%,"$7,808.10 ","$34,616.20 ",-41,"9,367"
830,Spectrum Brands Holdings,"$2,998.10 ",-24.40%,$189.60 ,93.90%,"$5,340.40 ","$3,617.60 ",-209,"12,100"
831,Euronet Worldwide,"$2,995.40 ",20.70%,$70.70 ,-,"$4,744.30 ","$6,658.20 ",16,"8,800"
832,TEGNA,"$2,991.10 ",1.80%,$477 ,-1.20%,"$6,917.60 ","$4,962.60 ",-76,"6,200"
833,Vontier,"$2,990.70 ",10.60%,$413 ,20.80%,"$4,349.80 ","$4,087.80 ",-32,"8,500"
834,Cadence Design Systems,"$2,988.20 ",11.40%,$696 ,17.80%,"$4,386.30 ","$45,781.70 ",-29,"9,298"
835,Incyte,"$2,986.30 ",12%,$948.60 ,-,"$4,933.40 ","$17,577.60 ",-28,"2,094"
836,Match Group,"$2,983.30 ",24.80%,$277.70 ,116%,"$5,063.30 ","$31,007 ",28,"2,520"
837,Valvoline,"$2,981 ",26.70%,$420 ,32.50%,"$3,191 ","$5,660.50 ",43,"9,800"
838,EnerSys,"$2,977.90 ",-3.60%,$143.40 ,4.60%,"$3,462.80 ","$3,076 ",-107,"11,400"
839,Avaya Holdings,"$2,973 ",3.50%,($13),-,"$5,985 ","$1,076 ",-65,"8,063"
840,UWM Holdings,"$2,970.30 ",-39.90%,$98.40 ,-97.10%,"$22,528.40 ","$7,223.50 ",-311,"8,000"
841,Zions Bancorp.,"$2,970 ",1%,"$1,129 ",109.50%,"$93,200 ","$9,958.20 ",-87,"9,685"
842,Quad/Graphics,"$2,960.40 ",-1.60%,$37.80 ,-,"$1,890 ",$388.50 ,-96,"15,100"
843,MKS Instruments,"$2,949.60 ",26.60%,$551.40 ,57.50%,"$4,540.30 ","$8,327.60 ",45,"6,200"
844,Arista Networks,"$2,948 ",27.20%,$840.90 ,32.50%,"$5,734.40 ","$42,773.40 ",45,"2,993"
845,Interactive Brokers Group,"$2,938 ",18.50%,$308 ,57.90%,"$109,113 ","$27,961.70 ",3,"2,571"
846,Range Resources,"$2,930.20 ",48.80%,$411.80 ,-,"$6,660.50 ","$7,964 ",120,527
847,Atkore,"$2,928 ",65.90%,$587.90 ,286%,"$2,210.10 ","$4,415.60 ",-,"3,700"
848,Cheesecake Factory,"$2,927.50 ",47.60%,$72.40 ,-,"$2,798.10 ","$2,098.60 ",111,"45,800"
849,First Solar,"$2,923.40 ",7.80%,$468.70 ,17.70%,"$7,413.70 ","$8,904.40 ",-51,"4,800"
850,Bio-Rad Laboratories,"$2,922.50 ",14.80%,"$4,245.90 ",11.60%,"$17,775.80 ","$16,982.20 ",-21,"7,900"
851,Cooper Cos.,"$2,922.50 ",20.20%,"$2,944.70 ",1135.20%,"$9,606.20 ","$20,587.80 ",2,"12,000"
852,Envista Holdings,"$2,922.40 ",28.10%,$340.50 ,922.50%,"$6,574.20 ","$7,882.50 ",48,"11,200"
853,Alight,"$2,915 ",6.90%,($60),-,"$10,988 ","$5,542.20 ",-,"16,000"
854,Newmark Group,"$2,906.40 ",52.60%,$750.70 ,837.70%,"$5,216.20 ","$3,009.90 ",129,"6,169"
855,PC Connection,"$2,892.60 ",11.70%,$69.90 ,25.40%,"$1,083.40 ","$1,375.80 ",-38,"2,542"
856,Host Hotels & Resorts,"$2,890 ",78.40%,($11),-,"$12,352 ","$13,875.90 ",-,160
857,Boston Properties,"$2,888.60 ",4.40%,$505.20 ,-42.10%,"$22,365.30 ","$20,179.90 ",-67,743
858,Western Midstream Partners,"$2,877.20 ",3.80%,$916.30 ,73.90%,"$11,273.10 ","$10,177.40 ",-69,"1,127"
859,Magellan Midstream Partners,"$2,870.10 ",18.20%,$982 ,20.20%,"$8,030 ","$10,422.10 ",-4,"1,715"
860,Hillenbrand,"$2,864.80 ",13.80%,$249.90 ,-,"$4,014.90 ","$3,216.20 ",-24,"10,500"
861,Donaldson,"$2,853.90 ",10.50%,$286.90 ,11.60%,"$2,400.20 ","$6,416.40 ",-40,"13,100"
862,Moog,"$2,852 ",-1.10%,$157.20 ,1608%,"$3,433.20 ","$2,814.60 ",-91,"14,000"
863,Hawaiian Electric Industries,"$2,850.40 ",10.50%,$246.20 ,24.40%,"$15,822.60 ","$4,630 ",-41,"3,623"
864,Five Below,"$2,848.40 ",45.20%,$278.80 ,126%,"$2,880.50 ","$8,825 ",105,"13,150"
865,Twilio,"$2,841.80 ",61.30%,($949.90),-,"$12,998.60 ","$29,916.90 ",-,"7,867"
866,Univision Communciations,"$2,841 ",11.80%,$133.70 ,-,"$14,055.40 ",-,-36,-
867,Annaly Capital Management,"$2,836.20 ",1188.50%,"$2,389.90 ",-,"$76,764.10 ","$10,281 ",-,171
868,Fleetcor Technologies,"$2,833.70 ",18.60%,$839.50 ,19.20%,"$13,404.70 ","$19,398.40 ",-3,"9,700"
869,West Pharmaceutical Services,"$2,831.60 ",31.90%,$661.80 ,91.20%,"$3,313.80 ","$30,508.20 ",56,"10,065"
870,Green Plains,"$2,827.20 ",47%,($66),-,"$2,159.80 ","$1,662.50 ",107,859
871,Cracker Barrel Old Country Store,"$2,821.40 ",11.80%,$254.50 ,-,"$2,391.70 ","$2,757.60 ",-38,"70,000"
872,Virtu Financial,"$2,811.50 ",-13.20%,$476.90 ,-26.50%,"$10,320 ","$6,622.10 ",-168,973
873,Teleflex,"$2,809.60 ",10.70%,$485.40 ,44.70%,"$6,871.70 ","$16,642.10 ",-41,"14,000"
874,Zynga,"$2,800.50 ",41.80%,($104.20),-,"$6,358.90 ","$10,463.50 ",89,"2,952"
875,ATI,"$2,799.80 ",-6.10%,($38.20),-,"$4,285.20 ","$3,350.80 ",-126,"6,300"
876,AppLovin,"$2,793.10 ",92.50%,$35.40 ,-,"$6,163.60 ","$20,696.80 ",-,"1,594"
877,Waters,"$2,785.90 ",17.80%,$692.80 ,32.80%,"$3,094.90 ","$18,783.40 ",-3,"7,800"
878,Mutual of America Life Insurance,"$2,784.80 ",83.60%,$50.70 ,-,"$28,325.20 ",-,-,"1,146"
879,Hovnanian Enterprises,"$2,782.90 ",18.70%,$607.80 ,1093.50%,"$2,320.50 ",$371.90 ,6,"1,784"
880,Amica Mutual Insurance,"$2,777.90 ",1.80%,$117.10 ,-36.30%,"$6,937.30 ",-,-87,"3,510"
881,Caleres,"$2,777.60 ",31.20%,$137 ,-,"$1,843.90 ",$727.50 ,54,"7,200"
882,FTI Consulting,"$2,776.20 ",12.80%,$235 ,11.50%,"$3,100.90 ","$5,400.10 ",-30,"6,780"
883,Overstock.com,"$2,773.80 ",8.80%,$389.40 ,595.30%,"$1,066 ","$1,897.80 ",-56,"1,350"
884,Visteon,"$2,773 ",8.80%,$41 ,-,"$2,234 ","$3,056.10 ",-56,"10,000"
885,G-III Apparel Group,"$2,766.50 ",34.60%,$200.60 ,752%,"$2,742.50 ","$1,296.10 ",64,"3,250"
886,ITT,"$2,765 ",11.60%,$316.30 ,336.30%,"$3,565.40 ","$6,415.40 ",-37,"9,900"
887,IDEX,"$2,764.80 ",17.60%,$449.40 ,19%,"$4,917.20 ","$14,591.60 ",-6,"7,536"
888,Popular,"$2,764.80 ",6.20%,$934.90 ,84.50%,"$75,097.90 ","$6,252.30 ",-73,"8,351"
889,Roku,"$2,764.60 ",55.50%,$242.40 ,-,"$4,082.10 ","$16,949.30 ",-,"3,000"
890,Schnitzer Steel Industries,"$2,758.60 ",61.10%,$165.10 ,-,"$1,494.40 ","$1,445.20 ",-,"3,167"
891,Brookdale Senior Living,"$2,758.30 ",-22.10%,($99.30),-221.10%,"$6,410.50 ","$1,308.30 ",-226,"28,545"
892,Werner Enterprises,"$2,734.40 ",15.30%,$259.10 ,53.20%,"$2,603.70 ","$2,697.90 ",-21,"13,525"
893,Americold Realty Trust,"$2,714.80 ",36.60%,($30.50),-224.10%,"$8,216.20 ","$7,489.80 ",64,"16,275"
894,SkyWest,"$2,713.50 ",27.60%,$111.90 ,-,"$7,125.90 ","$1,457.60 ",36,"15,205"
895,Primerica,"$2,709.70 ",22.20%,$373.40 ,-3.30%,"$16,123.20 ","$5,326.80 ",14,"3,170"
896,McAfee,"$2,701 ",-7.10%,$849 ,-,"$3,422 ",-,-132,"2,262"
897,Nu Skin Enterprises,"$2,695.70 ",4.40%,$147.30 ,-23%,"$1,906.50 ","$2,385.60 ",-77,"19,600"
898,Copart,"$2,692.50 ",22.10%,$936.50 ,33.80%,"$4,562.10 ","$29,798.80 ",12,"8,600"
899,PROG Holdings,"$2,677.90 ",7.80%,$243.60 ,-,"$1,621.80 ","$1,586.90 ",-53,"2,023"
900,Splunk,"$2,673.70 ",19.90%,"($1,339.10)",-,"$5,790.90 ","$23,881.60 ",8,"7,000"
901,MRC Global,"$2,666 ",4.10%,($14),-,"$1,671 ",$995.20 ,-75,"2,600"
902,Stericycle,"$2,646.90 ",-1.10%,($27.80),-,"$5,473.10 ","$5,415.50 ",-96,"15,465"
903,Maxim Integrated Products,"$2,632.50 ",20.10%,$827.30 ,26.40%,"$4,523.10 ",-,9,"7,100"
904,Ensign Group,"$2,627.50 ",9.40%,$194.70 ,14.20%,"$2,850.60 ","$4,958.30 ",-45,"25,900"
905,SM Energy,"$2,622.90 ",132.80%,$36.20 ,-,"$5,234 ","$4,746.50 ",-,506
906,Kaiser Aluminum,"$2,622 ",123.60%,($18.50),-164.20%,"$2,422.40 ","$1,493.90 ",-,"3,957"
907,Federated Mutual Insurance,"$2,612.20 ",14.10%,$320.10 ,61.50%,"$10,537.40 ",-,-10,"2,702"
908,F5,"$2,603.40 ",10.70%,$331.20 ,7.70%,"$4,997.30 ","$12,691.20 ",-26,"6,429"
909,Steelcase,"$2,596.20 ",-30.30%,$26.10 ,-86.90%,"$2,354 ","$1,339.50 ",-264,"11,400"
910,Encore Wire,"$2,592.70 ",103%,$541.40 ,611.80%,"$1,530.50 ","$2,250.30 ",-,"1,440"
911,Guess,"$2,591.60 ",38.10%,$171.40 ,-,"$2,555.60 ","$1,305.50 ",79,"12,500"
912,Playtika Holding,"$2,583 ",8.90%,$308.50 ,235%,"$2,803.30 ","$7,965.80 ",-40,"4,000"
913,Pinterest,"$2,578 ",52.30%,$316.40 ,-,"$3,537.20 ","$16,196.90 ",-,"3,225"
914,WeWork,"$2,570.10 ",-24.80%,"($4,439)",-,"$21,756.20 ","$4,937.40 ",-,"4,400"
915,ManTech International,"$2,554 ",1.40%,$137 ,13.70%,"$2,639.60 ","$3,517.60 ",-80,"9,800"
916,BrightView Holdings,"$2,553.60 ",8.80%,$46.30 ,-,"$3,237.60 ","$1,351.50 ",-32,"20,150"
917,NortonLifeLock,"$2,552 ",-33.90%,$554 ,-85.70%,"$6,361 ","$15,441.90 ",-286,"2,800"
918,Deckers Outdoor,"$2,545.60 ",19.40%,$382.60 ,38.50%,"$2,167.70 ","$7,457.80 ",11,"3,400"
919,Griffon,"$2,541.70 ",5.60%,$79.20 ,48.30%,"$2,604.70 ","$1,127.80 ",-61,"6,700"
920,AMC Entertainment Holdings,"$2,527.90 ",103.50%,"($1,269.10)",-,"$10,821.50 ","$12,733.40 ",-,"17,122"
921,Curtiss-Wright,"$2,505.90 ",4.80%,$267.20 ,32.70%,"$4,103.50 ","$5,771 ",-58,"7,800"
922,MYR Group,"$2,498.30 ",11.20%,$85 ,44.70%,"$1,121.10 ","$1,594.50 ",-16,"7,600"
923,Kontoor Brands,"$2,475.90 ",-,$195.40 ,-,"$1,533 ","$2,325.30 ",-,"14,000"
924,Liberty Energy,"$2,470.80 ",155.80%,($179.20),-,"$2,040.70 ","$2,757.90 ",-,"3,601"
925,Knights of Columbus,"$2,467.50 ",4.90%,$130.30 ,37.20%,"$28,838.40 ",-,-47,749
926,AdaptHealth,"$2,465.10 ",133.40%,$156.20 ,-,"$5,250.50 ","$2,146.60 ",-,"10,700"
927,MillerKnoll,"$2,465.10 ",-0.90%,$173.10 ,-,"$2,061.90 ","$2,617.70 ",-84,"7,600"
928,Equity Residential,"$2,464 ",-4.20%,"$1,332.90 ",45.90%,"$21,169.20 ","$33,802.50 ",-104,"2,400"
929,DexCom,"$2,448.50 ",27.10%,$154.70 ,-68.70%,"$4,863.60 ","$49,824.50 ",47,"6,650"
930,Rollins,"$2,424.30 ",12.20%,$350.70 ,34.50%,"$1,980.90 ","$17,260.70 ",-9,"16,482"
931,Genesco,"$2,422.10 ",35.60%,$114.90 ,-,"$1,562.10 ",$868.70 ,-,"11,700"
932,Bruker,"$2,417.90 ",21.70%,$277.10 ,75.60%,"$3,650 ","$9,694.70 ",26,"7,765"
933,Joann,"$2,417.60 ",-12.50%,$56.70 ,-73.30%,"$2,362.20 ",$463.20 ,-142,"13,530"
934,Wolverine World Wide,"$2,414.90 ",34.80%,$68.60 ,-,"$2,586.40 ","$1,836.10 ",-,"4,400"
935,Gray Television,"$2,413 ",1.30%,$90 ,-78%,"$11,108 ","$2,093.20 ",-68,"8,801"
936,Affiliated Managers Group,"$2,412.40 ",19%,$565.70 ,179.80%,"$8,876.40 ","$5,606.80 ",15,"4,050"
937,Summit Materials,"$2,409.70 ",3.30%,$152.20 ,10.30%,"$4,239.10 ","$3,687.80 ",-50,"5,500"
938,SLM,"$2,409.30 ",2.40%,"$1,160.50 ",31.80%,"$29,221.90 ","$5,129.70 ",-59,"1,450"
939,Belden,"$2,408.10 ",22.10%,$63.90 ,-,"$3,417.70 ","$2,492.50 ",25,"7,400"
940,Allison Transmission Holdings,"$2,402 ",15.40%,$442 ,47.80%,"$4,457 ","$3,810.60 ",3,"3,400"
941,Element Solutions,"$2,399.80 ",29.50%,$203.30 ,168.60%,"$5,138.40 ","$5,434.80 ",-,"5,300"
942,Portland General Electric,"$2,396 ",11.70%,$244 ,57.40%,"$9,494 ","$4,940 ",-16,"2,839"
943,REV Group,"$2,380.80 ",4.50%,$44.40 ,-,"$1,238.30 ",$843.40 ,-41,"6,800"
944,Acadia Healthcare,"$2,376.90 ",-25.90%,$190.60 ,-,"$4,768.10 ","$5,891.30 ",-235,"19,200"
945,Alexandria Real Estate Equities,"$2,373.60 ",2.90%,$571.20 ,-25.90%,"$30,219.40 ","$32,188.60 ",-55,559
946,Nordson,"$2,362.20 ",11.40%,$454.40 ,82.10%,"$3,791 ","$13,157.10 ",-12,"6,813"
947,NewMarket,"$2,356.10 ",17.20%,$190.90 ,-29.40%,"$2,558.40 ","$3,346.70 ",7,"2,104"
948,Ohio National Mutual,"$2,346.50 ",7.50%,($85.20),-177495.80%,"$40,795 ",-,-34,"1,082"
949,Stepan,"$2,346 ",25.50%,$137.80 ,8.70%,"$2,065.60 ","$2,215.60 ",43,"2,439"
950,Valhi,"$2,335.40 ",24.30%,$127.20 ,130.40%,"$3,005.20 ",$828.80 ,39,"2,847"
951,Hilton Grand Vacations,"$2,335 ",161.20%,$176 ,-,"$8,008 ","$6,247.90 ",-,"13,000"
952,Cooper-Standard Holdings,"$2,330.20 ",-1.90%,($322.80),-,"$2,226.50 ",$149 ,-82,"21,300"
953,Etsy,"$2,329.10 ",35%,$493.50 ,41.30%,"$3,831.80 ","$15,787.70 ",-,"2,402"
954,Crocs,"$2,313.40 ",66.90%,$725.70 ,132%,"$1,545.10 ","$4,676.20 ",-,"5,770"
955,Olympic Steel,"$2,312.30 ",87.40%,$121.10 ,-,"$1,023.60 ",$427.80 ,-,"1,642"
956,Signature Bank,"$2,311.30 ",15.20%,$918.40 ,73.80%,"$118,445.40 ","$18,416.90 ",-,"1,854"
957,SBA Communications,"$2,308.80 ",10.80%,$237.60 ,885.80%,"$9,801.70 ","$37,168.70 ",-15,"1,596"
958,Murphy Oil,"$2,300.10 ",16.70%,($73.70),-,"$10,304.90 ","$6,275.30 ",7,696
959,Entegris,"$2,298.90 ",23.60%,$409.10 ,38.70%,"$3,191.90 ","$17,830.90 ",38,"6,850"
960,AvalonBay Communities,"$2,294.90 ",-0.30%,"$1,004.30 ",21.30%,"$19,902 ","$34,710.30 ",-64,"2,883"
961,Saia,"$2,288.70 ",25.60%,$253.20 ,83.10%,"$1,845.30 ","$6,438.40 ",-,"11,600"
962,E.W. Scripps,"$2,283.50 ",19.20%,$122.70 ,-54.40%,"$6,658.30 ","$1,718.30 ",17,"5,600"
963,TTEC Holdings,"$2,273.10 ",16.60%,$141 ,18.80%,"$1,996.80 ","$3,878 ",11,"65,000"
964,Sun Communities,"$2,272.60 ",62.50%,$380.20 ,188.80%,"$13,494.10 ","$20,372.80 ",-,"5,455"
965,Alpha Metallurgical Resources,"$2,258.60 ",36.70%,$288.80 ,-,"$1,857.70 ","$2,447.50 ",-,"3,500"
966,GEO Group,"$2,256.60 ",-4%,$77.40 ,-31.50%,"$4,537.40 ",$809.80 ,-83,"15,800"
967,Viasat,"$2,256.10 ",-2.30%,$3.70 ,-,"$5,349.50 ","$3,630.40 ",-75,"5,800"
968,Benchmark Electronics,"$2,255.30 ",9.80%,$35.80 ,154.50%,"$1,903.90 ",$881.40 ,-18,"10,900"
969,Kar Auction Services,"$2,251.60 ",2.90%,$66.50 ,13200%,"$7,417.20 ","$2,187.30 ",-56,"8,928"
970,TTM Technologies,"$2,248.70 ",-,$54.40 ,-69.40%,"$3,025.50 ","$1,506.20 ",-65,"16,100"
971,Kirby,"$2,246.70 ",3.50%,($247),-,"$5,399.10 ","$4,345.90 ",-51,"5,125"
972,Woodward,"$2,245.80 ",-10%,$208.60 ,-13.20%,"$4,091 ","$7,882.40 ",-130,"7,200"
973,Clear Channel Outdoor Holdings,"$2,241.10 ",20.80%,($433.80),-,"$5,299.40 ","$1,630.90 ",27,"4,600"
974,Spire,"$2,235.50 ",20.50%,$271.70 ,206.70%,"$9,356.40 ","$3,713.60 ",25,"3,710"
975,Vista Outdoor,"$2,225.50 ",26.70%,$266 ,-,"$1,764.90 ","$2,007.90 ",-,"5,900"
976,Surgery Partners,"$2,225.10 ",19.60%,($70.90),-,"$6,117.60 ","$4,919.10 ",20,"9,600"
977,LHC Group,"$2,219.60 ",7.60%,$115.70 ,3.70%,"$2,895.60 ","$5,229.60 ",-30,"23,000"
978,Amedisys,"$2,214.10 ",6.90%,$209.10 ,13.90%,"$1,857 ","$5,603.90 ",-39,"21,000"
979,Century Aluminum,"$2,212.50 ",37.80%,($167.10),-,"$1,569.90 ","$2,400.30 ",-,"2,512"
980,Arch Resources,"$2,208 ",50.50%,$337.60 ,-,"$2,117.20 ","$2,126.20 ",-,"3,303"
981,Aerojet Rocketdyne Holdings,"$2,188 ",5.60%,$143.70 ,4.40%,"$2,433.60 ","$3,169.40 ",-36,"5,000"
982,Sleep Number,"$2,184.90 ",17.70%,$153.70 ,10.50%,$919.50 ,"$1,123.70 ",16,"5,388"
983,HNI,"$2,184.40 ",11.70%,$59.80 ,42.70%,"$1,497.90 ","$1,568.70 ",-12,"8,000"
984,Pure Storage,"$2,180.80 ",29.50%,($143.30),-,"$3,135.30 ","$10,238 ",-,"4,200"
985,TrueBlue,"$2,173.60 ",17.70%,$61.60 ,-,"$1,033.20 ",$995.60 ,-,"6,400"
986,Party City Holdco,"$2,171.10 ",17.30%,($6.50),-,"$2,711.90 ",$402.60 ,-,"11,450"
987,Dun & Bradstreet Holdings,"$2,165.60 ",24.60%,($71.70),-,"$9,997.20 ","$7,554 ",-,"6,296"
988,Dropbox,"$2,157.90 ",12.70%,$335.80 ,-,"$3,091.30 ","$8,873.50 ",-8,"2,667"
989,New Jersey Resources,"$2,156.60 ",10.40%,$117.90 ,-39.20%,"$5,722.30 ","$4,405.40 ",-17,"1,251"
990,Acushnet Holdings,"$2,147.90 ",33.20%,$178.90 ,86.30%,"$2,005.80 ","$2,914 ",-,"6,500"
991,Harsco,"$2,147 ",14.60%,($3.20),-,"$3,053.90 ",$969.70 ,-,"12,000"
992,Beazer Homes USA,"$2,140.30 ",0.60%,$122 ,133.60%,"$2,078.80 ",$478.80 ,-61,"1,052"
993,Chemed,"$2,139.30 ",2.90%,$268.60 ,-15.90%,"$1,342.70 ","$7,592.50 ",-49,"14,137"
994,Genesis Energy,"$2,125.50 ",16.50%,($165.10),-,"$5,905.80 ","$1,435.40 ",-,"1,898"
995,BWX Technologies,"$2,124.10 ",-,$305.90 ,9.80%,"$2,501.40 ","$4,925.60 ",-63,"6,600"
996,Vizio Holding,"$2,124 ",4%,($39.40),-138.40%,$935.80 ,"$1,705.10 ",-,800
997,1-800-Flowers.com,"$2,122.20 ",42.50%,$118.70 ,101.10%,"$1,076.70 ",$830 ,-,"4,800"
998,Cowen,"$2,112.80 ",30.20%,$295.60 ,36.60%,"$8,748.80 ",$744.10 ,-,"1,534"
999,Ashland Global Holdings,"$2,111 ",-11.20%,$220 ,-,"$6,612 ","$5,601.90 ",-130,"4,100"
"1,000",DocuSign,"$2,107.20 ",45%,($70),-,"$2,541.30 ","$21,302.80 ",-,"7,461"
